passage,permutation,1319,1320,1321,1323,1324,1325,1327,1329,1330,1331,1334,1336,1337,1338,1538
1,0,0.028185473522994865,0.1093838653238712,0.024737436086414065,0.0001304047474707207,0.12709899386612822,0.3708241769601912,0.019956117662917817,0.02633642335567134,0.059612403347407625,0.0003205093174491922,0.15044731051130927,6.13562690155138e-05,0.07194492967736354,0.0037397246245737376,0.007220874727221702
2,0,0.02059257096059328,0.19544609263984547,0.025650926889648908,9.476302435691404e-05,0.0670633602676181,0.40230512557957443,0.04460119852786038,0.006428342262728187,0.003739358544397378,0.003838944648965868,0.1264547705357666,8.703236979289956e-06,0.019337300042641243,0.0007893419824680969,0.08364920085655599
3,0,0.008257890272847101,0.2471471913255327,0.018109084708884764,3.4769637812444304e-05,0.02735396313538816,0.3243122702722253,0.05004342244561544,0.0013759719036445974,0.00017472971503537416,0.034337474321019974,0.07206915243415461,6.690390809816731e-07,0.0032639025870822803,7.739248983408178e-05,0.2134421157118422
4,0,0.0025717658841719593,0.25704383024002503,0.011588046928714905,1.0131347194373337e-05,0.009146375002483472,0.20611392986171073,0.042319268732891595,0.0003186174077414979,8.010223006381388e-06,0.16492935578661638,0.03481321731751036,4.205696963511373e-08,0.0004876837592953672,6.097351248052967e-06,0.27064362810042014
5,0,0.0007189909003435204,0.24227446435589617,0.0071338634201117326,2.7499206609106e-06,0.002377283044345096,0.10244274427491556,0.03139052076209069,8.176238701717579e-05,3.617618664538822e-07,0.33100605409650585,0.01444164207200602,2.4490620382457495e-09,6.8275546147332e-05,4.3745051919265655e-07,0.26806084755851206
1,1,0.0220716405119082,0.09812550851475077,0.22247720218654682,0.00016049995260611973,0.0020298313784752023,0.01910601062606225,0.16364132143924093,6.232169583951367e-05,0.061316946194801054,0.1685700421490093,0.11562334180989045,5.9658887458329884e-05,0.0036387778770628604,0.021926135391268,0.1011907613850801
2,1,0.013252734179889574,0.09506925795537925,0.0934985082875404,0.0001136029701023396,0.0010147051418869315,0.021109685774893625,0.11574425131317478,1.3049133923536711e-05,0.0038458232920239683,0.37010663609331323,0.0560726309784493,6.45648613417899e-06,0.0010575698248430872,0.0032220019513005582,0.22587308661714509
3,1,0.005139767531046689,0.09849988701324446,0.04836057264068121,4.401530610600897e-05,0.00029103876127974505,0.012962069597760244,0.07249365660397886,2.9420632276031365e-06,0.00017613643713357667,0.48087216711919534,0.02212638969549333,4.066962261044932e-07,0.00018706463290517954,0.0002629060235348182,0.2585809798781868
4,1,0.0018284903408482334,0.1122596613463479,0.0317830465611168,1.5227164868813161e-05,7.480647128916506e-05,0.006975301846847028,0.052077116190435806,8.069739365714447e-07,8.214355671297615e-06,0.5282189038709504,0.008680132388810487,2.3861664591356132e-08,3.0809684188641014e-05,1.9641589221675104e-05,0.25802781735380265
5,1,0.0006211641773412423,0.1311836224441653,0.02320933633934605,5.047646476552379e-06,1.8432476027676847e-05,0.0035676031125508306,0.040772048464982454,2.4393788570451235e-07,3.8738213363151e-07,0.5451850828415576,0.003426458475515938,1.3804248374077005e-09,4.914703480258407e-06,1.4305317684554328e-06,0.2520042260863436
1,2,0.00014568738989629055,0.0001664317876152308,0.028477234629123216,0.049364893149104395,0.09948893487334524,0.20476116537899464,0.18749663720796597,0.00010542522507799296,0.04391999517634012,0.012469501801775959,0.16046029124934286,0.15973824853942334,0.0022533285381538776,0.020469278869532023,0.030682946184308866
2,2,0.0001348871494723427,0.0005333323854965634,0.036950200957907485,0.03150687665763503,0.05813290918210713,0.24626975500451415,0.2192035563214717,5.664902359087693e-05,0.0034059719600524918,0.10862071379037623,0.128247326628657,0.018310133371091216,0.000821130016070782,0.003071410322339832,0.14473514722921715
3,2,6.514693730367558e-05,0.001082023576371048,0.0336359594958178,0.011387792964230717,0.018836646123555404,0.1598483874016592,0.1607734145124585,2.566363385285651e-05,0.0001893887387204392,0.30817195997940255,0.06429167716926967,0.0013164676667498968,0.00017032442241803202,0.0002670456026975997,0.23993810177549257
4,2,2.664672022338404e-05,0.0018837886026116517,0.03193058421354685,0.0037488163106880897,0.005094333698923783,0.08654009812571703,0.11681245731405705,1.1831495316521994e-05,1.0090946057014739e-05,0.46237586130938185,0.02752562283144386,8.243434579401829e-05,3.161615287062533e-05,2.0595254413781297e-05,0.26390522267895433
5,2,1.0926952215810574e-05,0.0032961577015015705,0.03329436996793882,0.0012841234145013552,0.0013324447039428902,0.0464416134403237,0.09377299383296572,5.531212484070059e-06,5.352844015434859e-07,0.5437451638682864,0.011579046756104463,4.9412993689691555e-06,5.807572053609111e-06,1.5509276163756878e-06,0.26522479306629476
1,3,0.00011050797760639099,0.158427799700499,0.01240695946832124,0.15223378903767887,0.03004878568757071,0.006573608217736285,0.0024343456617373603,0.06956034213402457,0.1515353631001853,0.1134776760903295,0.00011382849783064683,5.73859098729039e-05,0.04169321930752835,0.05931468004396329,0.20201170916511552
2,3,5.539368070798755e-05,0.1866214780259466,0.010230562365397787,0.07349936356065474,0.014507817205690393,0.006105820137157687,0.00272937024896617,0.015874646970307965,0.010232090343511246,0.37774499644097165,7.051994383213104e-05,5.583943297149219e-06,0.011233894797046815,0.007335062912806773,0.2837533994237048
3,3,1.6479128164038443e-05,0.20577195179335753,0.008045094798045795,0.021552943708870783,0.0035862477412520596,0.0030083401022634616,0.0025807201911550517,0.0033955211307890453,0.0004886023538907394,0.48380663018177567,2.9717312663103297e-05,3.197494296793011e-07,0.001652082486838168,0.0005144283527769556,0.2655509209687278
4,3,4.748330463397354e-06,0.21557368487225764,0.006241841559862635,0.0063130254679039976,0.0008336943992577534,0.0014070580598654272,0.00235468336310853,0.0009384737076242917,2.286611942779342e-05,0.5159083103622837,1.1658722196348737e-05,1.8123187320000957e-08,0.00023590839699434276,3.5885323562855016e-05,0.25011814319200415
5,3,1.3652323815344618e-06,0.22144052626369595,0.00484308328685438,0.0018710916660354042,0.00019182181788873648,0.0006545335938950337,0.00212979024206269,0.0002942615812892104,1.0638281758465333e-06,0.5261491407200944,4.508117350308273e-06,1.036962375845677e-09,3.3633608329257324e-05,2.5274223415039107e-06,0.2423826515826433
1,4,9.601541503619067e-05,0.11347737036733749,0.024687298426945965,0.025364449933100663,0.294385051867166,0.14865748772100848,0.0001487563203135938,0.10332434068414902,0.04537419307151832,0.0002579903996611143,0.004277310417655076,0.0063783241001766225,0.038488960589817024,0.0011829097580684808,0.19389954092804587
2,4,4.903179015878923e-05,0.21597062962881303,0.033692914691344764,0.011629350578873116,0.181094776239072,0.16866701333827672,0.00029761932563086906,0.02571952393057915,0.003618219401088688,0.004697325589888373,0.005422721487800046,0.0006421116256609025,0.010976431657582678,0.0001558373996075328,0.3373664933156233
3,4,1.5506260607975328e-05,0.27837839309322027,0.028000790511556156,0.0035126600403410186,0.08679241197620426,0.1573231144951526,0.0003619101481797297,0.00486809239311087,0.00016754878254810667,0.07246497598457732,0.004167230958378524,3.6557082252628864e-05,0.0017114215430225808,1.1463140884683616e-05,0.3621879235899632
4,4,4.293227526069353e-06,0.2735472944540364,0.01756824101164941,0.0009539573646564194,0.02665287935015665,0.09328462066080856,0.0003129234039774856,0.0009638006907441495,7.38541113082887e-06,0.2594561284908949,0.0021466059841064276,1.9766698010729915e-06,0.00023669779334131112,7.887916362202207e-07,0.324862406695534
5,4,1.152972200886535e-06,0.2505540615401517,0.01086049027127537,0.00025964399541983737,0.006569326344779817,0.044915783969162376,0.00024948086372807827,0.00022578006399392328,3.2793976545507984e-07,0.40309253581280613,0.0008925509370204223,1.0786594374566472e-07,3.211036427296119e-05,5.3798832273628584e-08,0.282346593260647
1,5,0.1172656734588345,0.13853403271396558,0.23023645031001716,0.030074968794552556,0.14543656464775315,0.1265539350882902,0.041526170611302066,6.270543340422655e-05,0.005479156707173206,0.007682409178517168,9.296822841797008e-05,0.011460715660359902,0.0013880104490163843,7.576358508206388e-05,0.14413047513331398
2,5,0.056647053542042955,0.1565351355204339,0.11359483354757766,0.016805914102098578,0.09421020816638637,0.16304998470455864,0.03861015935863238,1.2807128462072041e-05,0.00038030390398928715,0.06988987513621993,7.778078345449167e-05,0.001175756717625426,0.00035813924681945154,1.078869553402137e-05,0.2886412594461648
3,5,0.018955528117841212,0.16684016103186977,0.05956525997611969,0.0055589067870886145,0.032234163777109005,0.11220540562846588,0.02929834373666277,2.33968872917367e-06,1.7522897848596834e-05,0.2572344188867616,4.6316395351570826e-05,7.118908080066734e-05,5.832998565451534e-05,8.416109456577075e-07,0.3179112723987512
4,5,0.005794348225251255,0.168714416292439,0.03423771105616645,0.0016729382781875551,0.008436924862279165,0.05855567079730254,0.02153982867436353,4.955089553577188e-07,7.949683470584748e-07,0.41211804859726664,2.087942916218415e-05,3.9989254966033815e-06,8.737477364279427e-06,5.980777712952492e-08,0.2888951470996411
5,5,0.0017628255506953873,0.17531576046966188,0.022301031644388902,0.0005076300209103566,0.0020490972539751705,0.02863636963285766,0.017007175997907686,1.2461519474061125e-07,3.660534617093908e-08,0.4875050666543557,8.559181932093282e-06,2.2524903326570933e-07,1.2966148588898154e-06,4.223176729280821e-09,0.2649047962857053
1,6,0.00012040807274756408,0.00013286566049150044,0.1298272185898252,0.027123843454205807,0.32707242963780864,0.0001398834533464394,0.16455110513980542,0.05487550706749004,0.02000605024845744,0.02347973040553681,0.10047055207949677,0.07662773974890011,0.0041449370436963005,0.0013499958916585785,0.07007773350653312
2,6,0.00010021409920416127,0.00027360733674548527,0.09608194343305726,0.01969507456698105,0.2008087521046408,0.00019215619993263557,0.16996518858054457,0.013489776331484675,0.0015032929728980434,0.15558296657142712,0.08425076624037824,0.008871930167662702,0.001466805926698411,0.00020997169799471946,0.24750755377035014
3,6,4.756073400475258e-05,0.000425077329864494,0.0653390603828537,0.007966103175277269,0.06831265424041752,0.00014275818559796334,0.11854248449018577,0.003373648423158035,7.478298520868008e-05,0.37710648451247347,0.04186826225445798,0.0005683861498457392,0.00029619654920342827,1.723622560711688e-05,0.31591930436184407
4,6,2.0678389357789737e-05,0.000652134248909176,0.05265302730275478,0.0030056757787903,0.019630261860735132,8.803004297990514e-05,0.08693670822561665,0.001066857847251123,3.7351659900659025e-06,0.513013060180927,0.01783881961406685,3.302528281348561e-05,5.569069354947096e-05,1.307719679144117e-06,0.3050009876465793
5,6,9.140167135669192e-06,0.0010635716151370113,0.0489514877931293,0.001165232120075321,0.00545168583882167,5.2678395452526695e-05,0.07158077125458104,0.00038672752832910595,1.91788387871053e-07,0.5748541498396109,0.0075531744258379345,1.906836921170634e-06,1.0526999969527332e-05,9.947607563886477e-08,0.2889186559205353
1,7,0.13857407265164695,0.036011076437804636,0.00511104164281409,0.04505126757527418,0.15683560491498796,0.00014750069868621582,0.37046597568425654,0.00011228108254160334,0.06331250804842457,0.00037024091759426444,0.0017938967334318063,0.011155064360535063,0.07677992829144281,0.07184790246052965,0.022431638500029518
2,7,0.10339780086635375,0.11733705043222051,0.006923985233844177,0.035224128775159465,0.1475951967172779,0.0003077476228945517,0.4072455121962716,6.544483901260114e-05,0.0050015537131016885,0.012439494579682941,0.0027925444852067065,0.0013512534730937128,0.02493280959230711,0.01263308687864551,0.12275239059492786
3,7,0.04348543931492599,0.1977681552970582,0.005127607977843732,0.01437826003768435,0.07454776790852775,0.0003348446572147488,0.2728420207566209,2.356540989196727e-05,0.0002526422222598021,0.14131111885144995,0.0025314536226272986,9.568528522414959e-05,0.004598104188133302,0.001159868495431672,0.24154346597510587
4,7,0.013485955152371642,0.2052830698564344,0.0029587886000021425,0.004393739618151703,0.021631772547587667,0.00019760971637727183,0.14974950812051804,7.929215710419241e-06,1.1245291432480746e-05,0.3374930775893684,0.0012754460156147902,5.679455053961589e-06,0.0006976639013061986,8.662213131138798e-05,0.2627218927887595
5,7,0.0039062305933024563,0.19803736792085117,0.0018302423380714412,0.0012676299178886923,0.0052486049064528325,9.654531464486097e-05,0.08922141506985774,2.8999847438518225e-06,4.944645234383086e-07,0.4485533179301634,0.0005225965917065708,3.241202116041171e-07,0.00010110324829671646,6.118747092921602e-06,0.25120510885219216
1,8,0.0019853655806629424,0.004508940503478405,0.08801809607947807,0.027771067137227066,0.00028679069717809855,0.14164543841853244,0.016759675445865537,0.054455200450941675,0.06356971078810796,0.0014237665940519445,0.2716072666041855,0.014916102895104809,0.00012324544437695848,0.09507362932762392,0.2178557040331846
2,8,0.0013169074055806313,0.00751582180732452,0.07845167978165103,0.016729129113198196,0.00030719630260069096,0.2958332159019956,0.02439047448322281,0.013107730802850198,0.004586074777820097,0.0335008437783516,0.14556043642646496,0.0014523343584149672,3.7994446539431505e-05,0.011957787869578533,0.3652523727444068
3,8,0.0005501098898709555,0.013116773816030604,0.07236587529911592,0.005775528044002512,0.00012699532561953405,0.23917442854975107,0.027399214888085062,0.003162254178305842,0.00024549235097400386,0.19061491636297057,0.07074947942233659,8.697350924987565e-05,7.121430487446354e-06,0.0009043947253840109,0.3757204422078159
4,8,0.0002105361198548779,0.02041080056810151,0.06219856011673866,0.0018984475671324898,3.749963830657044e-05,0.13961591751836588,0.026415751042052328,0.0008382944056890591,1.2917409198064695e-05,0.38306797941170684,0.030805536444759075,4.9654848920338025e-06,1.2445823263352651e-06,6.570644860983301e-05,0.33441584324226636
5,8,8.157453451551794e-05,0.030822378156098028,0.05458892097462832,0.0006589106841561529,1.0119895696513015e-05,0.07666026080725825,0.02535059903847141,0.00024112566403583757,6.733909151684903e-07,0.49862283521897444,0.012971017900873046,2.8279362712998116e-07,2.1704179770686726e-07,4.8207834724628745e-06,0.29998626311547993
1,9,0.0018144692239791761,0.00015548704212937613,0.02350241958843656,0.03272989106255745,0.09330064514477614,0.17572755886901373,0.17220166098867326,0.08938651591825132,5.01805597233589e-05,0.07528553151854898,0.2712990375047674,0.04598058184771282,0.00012061530494305834,0.008442841333876263,0.01000256409261109
2,9,0.0015518298605229055,0.0004099596120918263,0.024178066281130055,0.023399377186345223,0.044593319168332715,0.17491343542279997,0.20007514389696424,0.025976802724612984,3.7904836394409772e-06,0.2643947185026416,0.1680611543284237,0.006053463520840148,4.194183040767117e-05,0.0013588418227347611,0.06498815535851257
3,9,0.0008233472937714997,0.0008027559739119425,0.02166995388038154,0.009853279701561194,0.01349941356755928,0.11037572842087567,0.15728879172359106,0.007963412202386689,2.0006392622013095e-07,0.4462454666327834,0.07550782276998325,0.0004909095750461727,9.176795393558946e-06,0.0001255977511160754,0.15534414364771246
4,9,0.0003668599967309193,0.001483408778677806,0.022625215782151913,0.0035723856856272906,0.0036210632057255524,0.06087482968569286,0.12146384411388406,0.0032992388013607264,1.0548313595326936e-08,0.5381141326073432,0.03104707238253996,3.3187441685738635e-05,1.7913494070713105e-06,1.012572097827036e-05,0.21348683389988088
5,9,0.00015756315811804562,0.0027705143997760985,0.026127270455394244,0.0012759576046871234,0.0009474393626985935,0.03309254715744251,0.10101918256446134,0.0015753273012247481,5.612637413480336e-10,0.580177793755843,0.012876594561573876,2.0707247605142997e-06,3.38716308932907e-07,7.790978066891293e-07,0.23997662057864053
1,10,0.002257454473569744,0.00017224307020224914,0.04745432218096897,0.17999002861133906,0.11224091329149524,0.20795225533436645,0.00021329772845402108,0.17859375683117384,0.012811163340199818,0.0003892767771398548,0.10714215152055656,0.006340518995042339,0.025549696539002575,0.10555396463100386,0.013338956675485512
2,10,0.002576551651630146,0.0006852111863534727,0.07160443716498231,0.149479029421424,0.08359392853108889,0.33593317859372235,0.0007878644365056964,0.0399227859266934,0.0010535001921664576,0.007615990172405431,0.13759006770953544,0.0009415707797396085,0.010349358593370613,0.01945956249572159,0.13840696314466064
3,10,0.0014434009775413197,0.001695340952950776,0.08039229966481941,0.06327180082873186,0.040512177108037235,0.3277332375455979,0.001444680937699976,0.009091715754324091,6.252298859371223e-05,0.07602267424953589,0.09472712376925269,7.266113799223552e-05,0.0023317557349848586,0.0018142099076630931,0.29938439844227493
4,10,0.0006158466083819512,0.0031641024269171126,0.07684100922616725,0.0220634390135745,0.014059486161585501,0.22271304742788828,0.0018717316651700158,0.002285500573686062,3.5197185100257764e-06,0.2691463847523374,0.049316971530688626,4.5610822025800785e-06,0.00044298777546290623,0.00014205330103708063,0.33732935873639047
5,10,0.0002491028351597877,0.005242386653254998,0.07046258864487617,0.007805634214537952,0.004053661702358838,0.12877242451189713,0.0021869106560731765,0.0006192391794467199,1.9224529205902275e-07,0.4421533393249082,0.02206975992978729,2.6673005911296165e-07,7.99053236897601e-05,1.0688902979913061e-05,0.3162938991456788
1,11,0.019638332610467907,0.11318915977956161,0.12090210372133578,0.15471100023363146,0.278467294727645,0.15939470273711334,0.033932816780292266,6.89015020457685e-05,0.0054343495122024755,0.00020237404367983916,0.001809247200085584,5.83507777594274e-05,0.07027771841090982,0.03238396515592532,0.009529682807344167
2,11,0.01456721043803756,0.2177812992431595,0.08479962041252599,0.1239329475227577,0.16658834816999615,0.21274388151907994,0.05545615840888629,1.6349978656017606e-05,0.00037494649223361625,0.0027102290304980457,0.0028293603215710575,7.839577665772778e-06,0.020540839481692018,0.0068276470398087935,0.0908233223634318
3,11,0.006056947662862127,0.2728336692827312,0.04886738385823147,0.05044604640931416,0.07991811790402334,0.21370939946236034,0.055926194943950375,3.0590725590571884e-06,1.7390507885056295e-05,0.034719253571625086,0.002598546755846543,5.903585468822613e-07,0.003681571723823701,0.0006893372795404838,0.23053249120670022
4,11,0.0018959925646730678,0.269336249558928,0.026540149509667595,0.015402637097240207,0.02818083670517339,0.14778720499719394,0.04330177773731826,5.931033196405211e-07,7.758141922905562e-07,0.18176612847104176,0.0015859012089122686,3.6219291874736336e-08,0.0005573965444506092,5.441708393529395e-05,0.2835899033846618
5,11,0.0005313560646718537,0.24273782265913169,0.01450513619293102,0.004291971677157147,0.007375929447520882,0.0753307346799614,0.030174419136267786,1.315877113081392e-07,3.424662854386058e-08,0.35129047312086575,0.000719525011006759,2.0702657997453905e-09,7.830302339605103e-05,3.892726733583637e-06,0.27296026835575027
1,12,0.03340275339255136,0.004690873341154361,0.0016711939087778705,0.05215662147058964,0.14507572630763674,0.00014162819203246546,0.10739887669199179,0.19251833231090953,0.06850440639770587,0.23528568036809183,0.09833408423767565,6.139252224255797e-05,0.0001499507459155749,0.008839602788520765,0.051768877324203925
2,12,0.022691784431502666,0.009280639967623903,0.001908107149646907,0.0316011515482335,0.06304302884030677,0.00012708549485560398,0.12261697192665065,0.045214421516301596,0.005078788909360415,0.48218947485306246,0.059531849311823606,7.3608378255055594e-06,5.105337389693285e-05,0.0012475504046407177,0.15541073143426862
3,12,0.009637487912243035,0.019746218161337526,0.002834724463491487,0.011294580532772096,0.01698591772906512,7.086268169558645e-05,0.1150740068514328,0.013710711625941592,0.0002719351446573263,0.5704425253316893,0.02516239983461232,4.950886367360492e-07,9.781114131621205e-06,9.651305753878087e-05,0.21466184047075465
4,12,0.003747650513383816,0.03939676262550227,0.004268473615226673,0.003723063131562111,0.004259114436536808,3.650908115681304e-05,0.10382341488574132,0.00582621894087693,1.4337002721943393e-05,0.5895757171690245,0.010215219752428673,3.03103446911811e-08,1.7377185860716647e-06,6.99933118315922e-06,0.23510475148572446
5,12,0.0013692166436554294,0.06824469345750811,0.0055231402985547575,0.0011895126257397953,0.0010316686251257024,1.8146532458814313e-05,0.09020226060403523,0.002769231859632116,7.365205419406425e-07,0.5858894342025378,0.004117810323334184,1.7957400387220546e-09,2.9518476527005104e-07,4.993976136954819e-07,0.2396433519287571
1,13,0.1351095395007148,0.0026047830228470696,0.005536601625059635,0.1046703768638469,0.2808325130949713,0.0290859657377026,0.0001894252558585711,0.09585057868715582,0.012028335956421296,0.22845907866950946,0.00012487366973392853,0.04996443037104905,0.0001183369688923317,0.03171126096278533,0.02371389961345198
2,13,0.0822553949782959,0.011293155070722429,0.018084467247242716,0.06906850555952006,0.11791515118476023,0.024584196846226695,0.0009571757140670842,0.026927553035792928,0.0014548899578907368,0.5362862253657321,0.00013341677877649343,0.006486803875194813,3.8216634765558565e-05,0.005124043642029538,0.09939080410898264
3,13,0.036295286475181064,0.028939515469247744,0.03272736445278074,0.03009551751292262,0.03299229078787722,0.01462760676128452,0.0022631568711725014,0.007165829425747573,9.473389523894286e-05,0.6349213527578366,7.467468393295085e-05,0.0004711890257102586,7.46242578967164e-06,0.0004442180802454773,0.17887980137503223
4,13,0.015322978526088268,0.053340316943254126,0.0398313398649098,0.012357016141769202,0.008863447912233155,0.008390491864711537,0.0033878310389447433,0.0021527107417072767,5.3460367486028825e-06,0.6323211371916178,3.476432235087917e-05,3.000554508780712e-05,1.37694354282837e-06,3.562711117248752e-05,0.22392560981586138
5,13,0.006122162764555138,0.08193505278736259,0.03926906463294464,0.004830989771950662,0.002329581916496552,0.004698495851169637,0.004064243898989333,0.000645852068377478,2.8055699998335166e-07,0.612462429600095,1.5128892131038365e-05,1.8089604742882914e-06,2.4300443004022927e-07,2.755872742074597e-06,0.24362190942128145
1,14,0.08488786114760517,0.00015470303199856137,0.03808626819530198,0.0195080563428785,0.263313003943318,0.13868993153970538,0.00017553693990173945,0.09237310029025715,0.00104571351886433,0.19053550728318538,0.011629068820601605,0.002171290039672446,0.035946041942464375,7.13852422632695e-05,0.1214125317219819
2,14,0.045465628901625574,0.00038239789379246396,0.054930248584527,0.010083032969472164,0.10343051367258917,0.10257297198264699,0.00037187304341661557,0.02167745282341771,0.00010487310459508007,0.41753151870164845,0.009311598734791452,0.00023772697424426128,0.010146428611701685,9.47652003866134e-06,0.22374425748149285
3,14,0.019543533895817988,0.0007337618244498979,0.06135535441520955,0.004066527358743578,0.029404472664527576,0.060711262919711816,0.0005546787270853396,0.005086330522611829,6.076791480477258e-06,0.5485665860854394,0.004756104504160755,1.5101141467237854e-05,0.001920803465916037,7.561945207610169e-07,0.26327864948885776
4,14,0.008812744851267608,0.0013241905627018576,0.06564543744198312,0.0017274952973485654,0.00834046009694174,0.036788783335593,0.0007558979455672179,0.0014561361577290258,3.375533668982758e-07,0.5983624536936006,0.0022172319349495675,9.044751367462722e-07,0.0003668554059168171,5.981036164613696e-08,0.2742010114375358
5,14,0.004140742425522258,0.0023377241371075734,0.06826345379420175,0.0007675253595718827,0.0024042996413113386,0.023040425205825586,0.000988674008506477,0.0004455177236270926,1.8467311691135937e-08,0.618020067735462,0.0010162395786683963,5.3498361960412635e-08,7.132044013425153e-05,4.785979650713034e-09,0.2785039331984081
1,15,0.002231671210332214,0.05785447867144306,0.00012323532516518722,0.014540947998108504,0.00011807396201083047,0.005509928597837226,0.3331973664955489,0.021150588375744808,0.038674548202473985,0.24091688283614307,0.09139424102874782,0.07082356268110127,0.025089690871929433,0.09812918943797716,0.00024559430543642834
2,15,0.0017983781497304765,0.10738055198738346,0.00010065923188756701,0.013306213268644694,6.0746042437373085e-05,0.006032796814420782,0.28325325788103545,0.007261974230131444,0.0025181198403910446,0.48128681311091537,0.05896627220305386,0.008773064691647053,0.008242239362280412,0.018834568236957023,0.0021843449490839754
3,15,0.0009470110523712703,0.14304082129983,5.930776682593669e-05,0.008536022002495864,1.9084946120901156e-05,0.004379774235584413,0.20558299038011146,0.002421532515343095,0.00010868259984472723,0.5850580759406016,0.029719174063562958,0.0007934789636231932,0.0016628588955038698,0.002431257329705446,0.015239928008475317
4,15,0.000421410186581715,0.16549947473717494,3.42199987497406e-05,0.004417541888798854,5.237875479393815e-06,0.0027531484503252536,0.14470752782755494,0.0009705676155199845,4.6742167532960424e-06,0.6062431126546606,0.013802744928145852,6.655035294895311e-05,0.0003035269941732451,0.0002653349573503222,0.060504927315782775
5,15,0.00015746159982763303,0.1773278221233149,2.121435238097094e-05,0.001779637420568354,1.3106488563778078e-06,0.0015011127124713427,0.09905323943438202,0.00041874921371653866,2.0699721239678248e-07,0.5874907626805829,0.005868031256991195,4.892880906846955e-06,5.081783130828795e-05,2.3973216900446797e-05,0.12630076763057976
1,16,0.07432896138452645,0.15717247563235814,0.00466360161820033,9.181831853826378e-05,0.02282145254582154,0.12257257320423927,0.032753218124609254,0.00012042962724846725,0.06943550730569777,0.10629435843137414,0.0016658897904765885,5.5412468418789865e-05,0.010634533008196546,0.08519131865447699,0.3121984498858174
2,16,0.028567494258632857,0.1918372175647891,0.004689920690364536,3.4909308608491024e-05,0.009297550603185756,0.08859426121595353,0.032886458589575895,5.669077008397653e-05,0.005111657537437359,0.31858469906797143,0.0009619588753568154,4.891069181832404e-06,0.002484686415464196,0.009385807142515693,0.3075017968908784
3,16,0.007873220900125526,0.20468673522831168,0.003704274426534564,9.460839791182701e-06,0.0022156489694880807,0.040979636414458245,0.0270381527894449,1.919812518613095e-05,0.0002407388138249499,0.4410508394595265,0.000399878660101845,2.7374690244493027e-07,0.0003514238703538256,0.0006406847590629079,0.2707898329968872
4,16,0.0021991782817549514,0.21041709911255607,0.002863122604067125,2.654876605787892e-06,0.0005060132655621187,0.018557087419168467,0.022132525146450855,6.7237493576171125e-06,1.1134948688661265e-05,0.49264050172140283,0.00015658316325494896,1.5433446646356204e-08,4.949780681895763e-05,4.4151804002122885e-05,0.2504137106668629
5,16,0.0006242083149921813,0.21474556354694643,0.0022292427288420047,7.668589208679174e-07,0.00011513377689360936,0.008467352504643174,0.01844523192758077,2.4191493866090405e-06,5.142972854060781e-07,0.5141791882783698,6.0519027873500926e-05,8.824065269555719e-10,7.027603139946246e-06,3.088671144433191e-06,0.24111974243157464
1,17,0.034214284162302794,0.09173268736406823,0.1117628621997451,0.14962753560277398,0.0034825222278765965,0.3621441572777678,0.10442879617183229,0.015650760829663,4.599919277757445e-05,0.0002143443000152788,0.019095634305518076,0.005893916189480529,0.0974504823423006,7.749254379830697e-05,0.0041785252900801125
2,17,0.022262623304384617,0.15900563665216969,0.06893949082824807,0.10823749333994437,0.001943704399372147,0.4173539672973573,0.1301985211123416,0.0032361953320647857,2.992625480015772e-06,0.0023844399724099025,0.020987695098292448,0.0007492551753222044,0.02566426031684319,1.5426826510391504e-05,0.03901829771925938
3,17,0.01010759881195765,0.22210069153221332,0.040015507506334445,0.04592839621958821,0.0008309912538291343,0.36623652142794805,0.1224141142031328,0.0006231627992354088,1.4163482865625918e-07,0.024491288997303014,0.017925218309307465,6.275461258570601e-05,0.004838554762173845,1.7256749548732258e-06,0.14442333225460732
4,17,0.00346033237945742,0.24097160342955,0.022235433260666185,0.014544903946383372,0.00029142804851787504,0.24838823192521686,0.09107698670976472,0.0001301535127520045,6.574100317945385e-09,0.13646812568079203,0.011233193778495291,4.2806560548501945e-06,0.0007823588586917696,1.490059676926043e-07,0.23041281223358964
5,17,0.0010153985109313843,0.22884617113477715,0.01221473749179161,0.004081202486296894,7.839601274681735e-05,0.1282072188912129,0.060626784116567474,3.068957064904449e-05,2.9738051864074523e-10,0.307496434715318,0.005341410923770683,2.601148704765771e-07,0.00011431937918000697,1.1183295294051886e-08,0.25194696517121173
1,18,0.16460934102546987,0.0001352968491757907,0.2361451249268279,0.07885515772332409,0.14752003650504003,0.009047795974734383,0.018776012974126927,6.128216726181062e-05,0.012442220067020459,0.007595003465676299,0.024043068662473556,0.07533753751074956,0.08902024273629493,0.13593534032223814,0.0004765390895861936
2,18,0.18110116948487118,0.0003719439549427855,0.1429697587682689,0.16090610080174458,0.1534996859376533,0.02687304017756142,0.04545503913480249,1.326321083271309e-05,0.0008280613207653047,0.14024233890503318,0.04126474799400344,0.0122976905735883,0.03355986598845616,0.043704103105138996,0.016913190642337348
3,18,0.10249070009551707,0.0006483640395444273,0.08134923090629256,0.10659266840996195,0.06066307366844445,0.025441872199796493,0.05316005829297325,2.7053752664734442e-06,4.1520055474872216e-05,0.4253384320396283,0.032401159949932944,0.0012249951399109693,0.007553779493465811,0.005546039993812597,0.09754540033997776
4,18,0.0460127522088418,0.0009842268740828989,0.057810413965842765,0.04783611907820205,0.017866192204198734,0.016323744806792065,0.04979574429638521,7.330427391185046e-07,2.1674492408798628e-06,0.5618387194880294,0.01620534398767333,9.16969890141343e-05,0.0015017032628833128,0.0005158312432854697,0.1832146111027885
5,18,0.020455558190749155,0.0016024155555223458,0.05182495977369892,0.019950243102446873,0.004984364604651915,0.009825819374461843,0.047872966540212086,2.4455370200260747e-07,1.1541697481620875e-07,0.6044967247005478,0.007296463716449483,5.957860276900678e-06,0.0002911921631324786,4.3018535232807904e-05,0.23134995591194055
1,19,0.11894788297848069,0.0001574510398766335,0.00025241585100904023,0.003354946344191355,0.156405763462955,0.10623783387850674,0.0027884893212780167,0.000172246544539434,0.05233295601985134,0.03605435681893253,0.046917641839116786,0.015396923022829526,0.11781299356984881,0.01332759602091909,0.329840503287665
2,19,0.05962633972353558,0.0008399941254846905,0.002223489422373884,0.001542434550492854,0.08713511310979428,0.10446290329223512,0.012804523041961124,0.00026504261144586497,0.006453185696476093,0.2600952191171253,0.03899621441756963,0.001517477746604709,0.032742645045331524,0.0015734295618433285,0.38972198853772616
3,19,0.021251521143498712,0.003647132360396645,0.012554792976675014,0.00047683701387311205,0.024281780165666067,0.05604753896993555,0.041179699141810945,0.00026584811267102784,0.0005129975821730458,0.47802732951123417,0.01865545296517423,8.622347752362679e-05,0.005564152818355354,0.00010708443962820002,0.3373416093213843
4,19,0.008103043925105137,0.008810815392878282,0.025321463642405145,0.0001562570220249396,0.006231969244695937,0.029027063949246402,0.057254119251209074,0.00016529213664175947,3.102203972326172e-05,0.5619733988262555,0.007887531330659473,4.824322879496883e-06,0.0009655049086827641,7.476219331064514e-06,0.29406021778826175
5,19,0.003299262518265341,0.01680263253799374,0.03320080664210182,5.5598155607312624e-05,0.001620391990616323,0.015734744458168425,0.06012124743845887,7.830734082695837e-05,1.706245248131766e-06,0.5911251014349787,0.0033362723726232985,2.7687548267603505e-07,0.00017398919550406727,5.472820473101064e-07,0.2744491155120771
1,20,0.02295834377116637,0.1723009762098724,0.013414276027941827,0.005506596608750013,0.005093598557014699,0.11240193614406667,0.06344000225905905,9.435485568047137e-05,0.06405853607476872,0.0023974884138999665,0.09973168370366609,0.1638092798146328,0.11772106128107851,7.868798958678054e-05,0.15699317828881576
2,20,0.011750134383106821,0.2303154110344491,0.012458952822864787,0.0029379094319041308,0.004674006285153726,0.2006459339601669,0.07868096842655872,3.385901875616516e-05,0.00433277541580085,0.05940730898454614,0.06453996052973085,0.015435952568052002,0.028143990269584206,1.0375005543121495e-05,0.28663246186378244
3,20,0.003538390899358207,0.23770027765254154,0.00819185881152703,0.0008421804371763254,0.0015303847981119616,0.12603822401794695,0.06018571570044872,8.996167335230877e-06,0.00019843577669444008,0.23101774691459212,0.028975930294063305,0.0009111314119741367,0.00412447244741391,7.688585824796344e-07,0.29673548581223347
4,20,0.0009791971375720718,0.22537670977616447,0.005218697659454338,0.00022816665334796945,0.0003816244523592171,0.060843723336682816,0.042443836773139836,2.5974563002794726e-06,8.903577311423365e-06,0.38069515379821134,0.011417267213014322,5.1453843228866225e-05,0.0005741688850470331,5.348216749289809e-08,0.27177844595599854
5,20,0.0002727791041194841,0.21761806288499635,0.0035800563771133834,6.369013893629038e-05,8.888964275339075e-05,0.027971939210129464,0.03153682864730551,8.391980795730139e-07,4.0271979489068547e-07,0.4614230564655219,0.0043823265687679,2.916554333932565e-06,8.041671538435208e-05,3.718000421558431e-09,0.2529777920547632
1,21,0.06876343106777516,0.1171146174227454,0.013273338345086356,0.25874751886065106,8.875719548398928e-05,0.0267017369946066,0.02589691590820206,8.461775171707866e-05,5.5298660608337914e-05,0.19387366353416202,0.10473816143404276,0.0008642493051663776,0.0313997326248215,0.0022109721128988,0.15618698878203235
2,21,0.028890277224487358,0.1601619184373437,0.012565031791784835,0.10588971170365699,3.297499623362703e-05,0.017912425238472675,0.029450939467414398,2.972795920915796e-05,4.412753572927564e-06,0.3719325376513288,0.048942907045096906,8.487353773816129e-05,0.007163852800201029,0.0002638467367339537,0.2166745626567253
3,21,0.0091462659612563,0.1810815106770548,0.009601433044043603,0.03307245030798358,8.364782329787168e-06,0.009075610863958219,0.025899557352568207,8.952065486168226e-06,2.1698951226904696e-07,0.4740537549637586,0.018859907619651665,5.281254644738871e-06,0.001104108189065519,1.9961603355703833e-05,0.23806262432533074
4,21,0.00275299390639003,0.19383276602997906,0.007278535148923386,0.010009764471573885,1.980173164536879e-06,0.004338782951708452,0.021874890274238362,2.913476823352788e-06,1.0210620141168304e-08,0.5123640137785098,0.007157078243582566,3.1001799524618896e-07,0.00016287135681104851,1.4360125773667027e-06,0.24022165394710274
5,21,0.0008135582753049125,0.20309819859131392,0.0055584459185842655,0.0030080363541908055,4.5917783420992636e-07,0.0020388822537390056,0.01847713317880661,9.9201992963416e-07,4.753214957107448e-10,0.5256431585112267,0.002733966512724077,1.7974715149398727e-08,2.3703286597854434e-05,1.0223744812738882e-07,0.23860334523226323
1,22,0.25281588809591204,0.14672210311082726,0.07916418240564169,0.04788103105703943,0.039953519210513315,0.0001849706258905377,0.0052945345281626205,0.08181397929148429,5.324020800367608e-05,0.07995832957633386,0.0015911209123570299,0.0061724938494123706,0.10563847324392875,7.764807570880595e-05,0.1526784858087846
2,22,0.10572477399325078,0.17664078946807626,0.051400664863672695,0.026562212272560448,0.021011562852166762,0.00019180713347818134,0.006146805289973268,0.014627111752987131,4.018639402266975e-06,0.31086138956031395,0.0011769796660117931,0.0006295031817022765,0.024079811608136402,1.0745343345562464e-05,0.2609318243749223
3,22,0.03270664534429131,0.18014702494961876,0.030619405862835496,0.00898520997355091,0.005801710639553525,0.00010844536133306962,0.005196764619094788,0.002674628249326229,1.8901186819139802e-07,0.45998884758759123,0.0005334081169846936,3.772388378916878e-05,0.00366467806181107,8.21051254657482e-07,0.26953449728709705
4,22,0.009969772396363534,0.18711036394094838,0.02052105843052354,0.002859782318209185,0.0014295117159026979,5.468461623239338e-05,0.004466646136565692,0.0006396869578054481,8.765766822462171e-09,0.5142317032596957,0.00021611393087162304,2.1571772731290767e-06,0.0005441232408067741,5.917333436133458e-08,0.2579543279397007
5,22,0.0030195006456080766,0.1963952598540918,0.014672256108724305,0.000894940689354397,0.0003406940454823479,2.6662577490772663e-05,0.003939184224929774,0.0001772220537904842,4.0785093954101417e-10,0.5314088047734252,8.51563689556049e-05,1.2339863983043268e-07,8.022929194320241e-05,4.230944349413468e-09,0.24895996132876907
1,23,0.0013675791020447126,0.2852142658211028,0.10199825547378527,0.1435332810138584,0.03520912571115067,0.1492087800935896,0.09351346422144348,6.13356958946517e-05,0.012191623749662308,0.12809971702624548,8.581934155479412e-05,5.475703394518599e-05,0.002953477334040995,0.008032277234125609,0.03847624114755615
2,23,0.000628245379269346,0.25816626133838155,0.04250909874936678,0.07778389287809004,0.013913557741034524,0.11713489686898591,0.0716706543889114,1.2416881661084747e-05,0.0007729382616316688,0.3021257468611178,5.713180779915567e-05,6.12655616951947e-06,0.0006833195664959075,0.0012256631421924478,0.11331004957889289
3,23,0.00020701237567287653,0.2272181948551594,0.019284326220624565,0.027159817061672246,0.0036564835340716175,0.06290226556954454,0.04770776023840672,2.5581963667822083e-06,3.4709283265334714e-05,0.43248718181715323,2.7327279296363206e-05,4.2790005460067405e-07,0.00010712985881724715,0.00010672689796728017,0.17909807891192706
4,23,6.30040935057196e-05,0.21187385651346877,0.01093529719156504,0.008557087772877838,0.0008769295840385154,0.03058061477748057,0.03394080342757906,6.7169683869693e-07,1.5623282680350535e-06,0.49136513974846113,1.1387251131210578e-05,2.66632910028935e-08,1.590115677368821e-05,8.194984376936754e-06,0.21176952281034356
5,23,1.8725118700996567e-05,0.20815452265216605,0.007222375808463873,0.0026141897492221538,0.00020451472014434082,0.014458139664415188,0.02607946527792838,2.0635012101563298e-07,7.120431641635852e-08,0.5156730139689308,4.525861875919923e-06,1.5900647684981563e-09,2.323329012878665e-06,6.009138318681093e-07,0.22556732379080546
1,24,0.027353533043947838,0.00020879565801873817,0.0038295288421498048,0.1205929588321513,0.1357241468232289,0.10341957494773987,0.058414595624214395,0.00016899393470785727,0.012294345634056715,0.16453218921969914,0.004367693066773194,5.917568240658808e-05,0.012293223485075866,0.19466396188369844,0.16207728332213134
2,24,0.015137771047673797,0.0007618375796825453,0.010957606175169256,0.05269041857246278,0.054881659581149767,0.07493020332760435,0.09309345967640993,0.00016206057932361713,0.0012790759193530008,0.42177096608533027,0.003617596783716848,6.31779589108132e-06,0.0036778860671822945,0.02332100525724303,0.24371213555180746
3,24,0.006010958180442887,0.0017766043304954845,0.018346160932806867,0.017107556712569468,0.014290914083750932,0.038953744942440666,0.09541016724300344,0.00011337703724332051,7.50402652449359e-05,0.5464235795195415,0.001755582724286759,3.9218545549691754e-07,0.0006781267632337433,0.0017405093015032654,0.2573172857779813
4,24,0.0024669675799156585,0.0036077633500632414,0.02535780192016874,0.005876518737506826,0.003672439001421806,0.02066217307283583,0.08948526567852585,6.78824509154049e-05,4.13741219652967e-06,0.5900590303614878,0.0007761322269405017,2.3352785195167675e-08,0.00012481408707733222,0.00012919272993375703,0.2577098580382255
5,24,0.0010490891068724694,0.006817209266399947,0.03109176703805378,0.00213248023487926,0.0009593860317772125,0.011369377874935006,0.0819076762114556,3.515960304565193e-05,2.2286698847342804e-07,0.6059960632856091,0.0003375562512069096,1.3833812849087126e-09,2.329576442642592e-05,9.726774191389553e-06,0.2582709883067775
1,25,9.61083025642985e-05,0.13820526669374414,0.2314948449863186,0.029630715762452717,0.14687218698615387,0.17317416705461797,0.0018226871659656053,0.002306452451631814,0.019406149027756846,0.03794797267161742,9.471017110607166e-05,0.006285848939512085,9.29298653553974e-05,0.06862913371283252,0.1439408262083707
2,25,4.993544068341057e-05,0.1535172847634865,0.11138242424443931,0.016020097481303005,0.07558142389599987,0.17615040223872527,0.0017181918085170853,0.00046875580883996235,0.0013298272592787742,0.1749571174553868,7.454202964460562e-05,0.000653110288308877,2.4863075760710137e-05,0.009482850592599111,0.27858917361702684
3,25,1.6869388324718797e-05,0.1570572077819893,0.057352214362666167,0.005276791510454314,0.021974622193757995,0.10292752896922434,0.001338387651260858,8.583978220247937e-05,6.12079689684541e-05,0.35940275611123934,3.8703661594082584e-05,3.9322044525863825e-05,4.017908429404621e-06,0.0007290528523742367,0.2936954778129885
4,25,5.335738512101158e-06,0.16422039578108755,0.035092486054836926,0.0016538682688829363,0.0055485322241733415,0.05228210985738898,0.0011064590115110644,1.876214587491448e-05,2.8293088058604193e-06,0.46604288701966495,1.6742342374117813e-05,2.2358662677439353e-06,6.11286710375299e-07,5.2459759141453e-05,0.2739542853347676
5,25,1.6662678319498605e-06,0.17625958589191335,0.024039364900988163,0.0005199489554802002,0.001345599137528035,0.02572250106276359,0.0009740954554372007,4.732964353253567e-06,1.3238679336516207e-07,0.5125877748056269,6.8248884940158874e-06,1.2729158693536393e-07,9.190497934353032e-08,3.7533540682847125e-06,0.2585338007321555
1,26,0.13951069737682498,0.00016389521919309803,0.05647836011808017,0.03216012865447553,0.1671570005419908,0.000154113628932585,0.0068503883343689785,0.06106749236564758,6.024243551500846e-05,0.05671563422503386,0.1400003424345933,0.16982627254905538,0.0017804958601030064,0.008273296131947688,0.1598016401242379
2,26,0.08551037904613912,0.00037353837329416595,0.0713119177019428,0.020260588980013317,0.09849983232565863,0.00018312065709315123,0.012710648822203215,0.015679757692908088,5.430534297731334e-06,0.27631558916709864,0.09198302824522891,0.017298359387606845,0.0005414260408515473,0.0011486557204028708,0.308177727305261
3,26,0.03654644000896189,0.0006278041757999513,0.06784039704223024,0.008348011435109388,0.031585423353295894,0.0001245299080160614,0.014896290282955945,0.0036862605405083597,2.9415458916612947e-07,0.4719326339748174,0.039313884786476246,0.0010425755916495113,0.00010159245978688612,9.040012337245963e-05,0.32386346216243056
4,26,0.01612625821101326,0.0010404075670053547,0.0660409374276955,0.0034925687130641313,0.009270869478736295,7.880594886312693e-05,0.016494034410414325,0.0010482690798018811,1.5627393690427416e-08,0.5631553599621961,0.016358555306219748,5.99765961098731e-05,1.902303285376972e-05,6.974616862470722e-06,0.30680794402177053
5,26,0.007445597376742325,0.0017486595645536986,0.06531604236325028,0.0015165189383936385,0.002690719068618395,4.9960794284864513e-05,0.018113690765850305,0.000325849829452874,8.312425351037419e-10,0.601691980544436,0.007022878457820776,3.462899620690456e-06,3.6486012447364002e-06,5.470662380875055e-07,0.2940704428982508
1,27,9.857867988499607e-05,0.1985202511259066,0.015516121903736744,0.001741163907967136,0.05641302383954787,0.1481342071814036,0.04412024194755362,0.016173267523183807,5.648017267852939e-05,0.0005168959395103192,0.00452247979254058,0.16233539593420682,0.1153846074224516,0.09527769079312422,0.14118959383630367
2,27,4.743337245740719e-05,0.30232978635916613,0.015331161352726374,0.0008618851900983168,0.045838110049324206,0.22816000445378068,0.06112181592202128,0.0044611080321712085,4.2655137896330665e-06,0.013017414063225896,0.004809017469003443,0.015636185091908134,0.02726988664344298,0.013009748770470831,0.26810217771641365
3,27,1.407517977994923e-05,0.3064031504843729,0.009885830050971465,0.0002524601906796052,0.01893529734675353,0.18113999271730905,0.05191078152754701,0.0009494047479515526,1.9130377404940227e-07,0.11924378530256047,0.003057565041028318,0.0009249841666187548,0.003993401405908808,0.0010005160185810609,0.3022885645161633
4,27,3.7815428736184045e-06,0.2729322538911108,0.005731757501780908,6.711449100651077e-05,0.005187214257370645,0.09505821628797785,0.03665871262537156,0.00022539153899542956,8.383285412481146e-09,0.29859925693139583,0.0014297610164587925,5.201636891373758e-05,0.0005444942159091579,7.052711396716726e-05,0.2834394938335825
5,27,1.0131641744597432e-06,0.24501365704670744,0.003571904649413753,1.8189021674181386e-05,0.001233373374238179,0.04410070047970893,0.026305707917058916,6.348705660742117e-05,3.715250378185785e-10,0.4190252938871157,0.0005805822640343131,2.9228091329988944e-06,7.421624866688695e-05,4.89316710397182e-06,0.26000405854283765
1,28,0.127606077564697,0.00022369562578914963,0.0026211020869185745,0.08800549871885205,0.010741478989682697,0.04597158984209579,0.3204204420640636,0.02728723728666118,5.930493898083474e-05,0.18283042642354572,0.00012080873003811583,0.07354969949917693,0.021244626678820284,0.0924865293132087,0.006831482237469348
2,28,0.07729818529569253,0.0007025261375562023,0.003563444435243937,0.05858807587479989,0.004787851847287787,0.041382775294134644,0.26931501837124483,0.012687459292653453,5.003986801667266e-06,0.46797421573452463,0.00012118823952679393,0.008907773843844594,0.006754979147432095,0.015430096465139138,0.03248140603411779
3,28,0.03703900766603001,0.0016246359209408912,0.004305464960238464,0.026536002173789246,0.0013949681137870682,0.02592037407453269,0.19371317127272006,0.006146248121807014,2.6115366450856365e-07,0.6088893942939704,7.128173055927659e-05,0.0007350464074371809,0.0014412434034098045,0.0015247659860343993,0.09065813472107909
4,28,0.016870189892812797,0.00364011680066386,0.006141032136009339,0.010422342449298828,0.00037386643771786487,0.014738116272803262,0.14870645830565185,0.0038984528042329968,1.3634169215198462e-08,0.6385848709682491,3.4727111921997855e-05,5.295162713212693e-05,0.0002896554379573836,0.00012986734479708095,0.15611733877658224
5,28,0.007333208153981781,0.007983561906118621,0.009432866078986853,0.0037978527386928335,9.687106291059236e-05,0.008024507474515262,0.12388951313393873,0.0026770145153363063,7.249132605298474e-10,0.6343381876873647,1.5615749190100917e-05,3.4643805191513665e-06,5.584065265148047e-05,1.0204080662421162e-05,0.202341291660218
1,29,0.00011175567961895805,0.04571357974928583,0.0001422825829402318,0.28722451739035615,0.1296015642862774,0.04489593291093685,0.1303577050699294,0.06223772733364761,0.0018974747942402531,0.047870541017594144,0.14039587638481718,5.564532932956107e-05,0.0018580621550403592,0.08610252022919765,0.021534815086788266
2,29,8.292020575617769e-05,0.10937554462288242,0.00015851332685018797,0.15968958484094298,0.06262404319044147,0.04298100876956408,0.16157641279339352,0.017724603122717963,0.0001443117675270097,0.23021681078331438,0.10491389566290527,6.9792825231325256e-06,0.0005760760951569313,0.012435659984315338,0.09749363555170924
3,29,3.322595033565455e-05,0.14593794566971754,0.00011533053739464114,0.05628210189043182,0.017769426084555028,0.024806919198409463,0.12003732619896748,0.004528962404628379,7.04624516157106e-06,0.40589624313544864,0.04624677119644743,5.152154319567885e-07,0.00010245188777397269,0.001070002805502775,0.17716573157979365
4,29,1.0870213019616919e-05,0.16471079896122937,8.452454351668514e-05,0.017424833968437,0.004330585044825335,0.012198309058864362,0.08373369329471753,0.0015026262967060054,3.286980615441975e-07,0.484821443902734,0.01785080508641349,3.25680197394156e-08,1.601253697257042e-05,8.097400621863097e-05,0.21323416182026425
5,29,3.32587466168074e-06,0.17884766999882118,6.532456051101198e-05,0.005210542179404987,0.001006856027679481,0.005728105483053323,0.06117313906397518,0.0005876012025232279,1.5198880520744064e-08,0.5147397050634246,0.006803996572893437,1.946464108157266e-09,2.3970197568824205e-06,5.855195912333804e-06,0.22582546461203798
1,30,0.11846804628278619,0.0001484286671735068,0.00017078099392633201,0.29812753526209507,0.00018176233771636326,0.04169605861282487,0.047357955086788306,0.06978932518730378,0.020788383146553745,0.03897363392997954,0.01342992572519172,0.0008818589372950069,0.11524413074777229,0.06094404744715055,0.17379812763544272
2,30,0.06263096564301644,0.0005877346392754814,0.0005440984057865742,0.138070605989008,0.00010576707290046406,0.043424424289632294,0.09791125938255262,0.028100241215776034,0.0022124358895157163,0.29151850741111374,0.013977639316968335,9.615894748839686e-05,0.033340093748505405,0.007583823074932711,0.2798962449735278
3,30,0.02275547252071136,0.0016360687879412353,0.00128051877900927,0.04189776635254939,2.9556304470139974e-05,0.023407551302338674,0.11179510180825056,0.011340281422426811,0.00013526643614660244,0.49165644729781727,0.007130467150873379,5.9973913457303955e-06,0.005962529299341159,0.0005400203996874129,0.2804269547470909
4,30,0.008524136939783713,0.004182455949060398,0.0028477192818195806,0.012895622952314844,7.506475550006381e-06,0.011837294210104338,0.11244186133407309,0.006313312765626971,7.663948668996086e-06,0.5705789028126411,0.003135132451828431,3.538664168702576e-07,0.001053448632582084,3.7437345432200965e-05,0.26613715103409746
5,30,0.0033272998162484522,0.010062948229257497,0.005751993569338574,0.004132832230051524,1.8855823341042535e-06,0.006044209657034441,0.10894716351833637,0.004090080504007167,4.2421578481062866e-07,0.598579756586224,0.001340741606492699,2.0814773603264927e-08,0.0001888390131996203,2.6356208213968555e-06,0.25752916903609574
1,31,0.018074632686660916,0.09206886003424275,0.10736527032897937,0.04044979111742156,0.009884212309557322,0.00011217539230611337,0.13039507532027636,6.911718746849038e-05,0.013605290637935493,0.3509467814422359,8.328464380381307e-05,0.0009041456362815776,0.06915457023748518,0.002453017446769637,0.16443377557857555
2,31,0.008812308930196966,0.09724559568040278,0.05728583391518785,0.021234334474022495,0.003789770911528412,8.661040017831365e-05,0.08809614239772229,1.8444027418833786e-05,0.0009607451708667286,0.47927244231666455,4.4961076119216675e-05,8.823046416844926e-05,0.017370179659254175,0.00031679338432040655,0.22537760719194833
3,31,0.003245219607859703,0.10902988639915671,0.03489098529829379,0.007718563394825986,0.001003371139403216,4.851263262914144e-05,0.06051604534669086,4.828963913819928e-06,4.522552057457875e-05,0.5364117290543644,1.947209038416006e-05,5.419172651570718e-06,0.0029553795971442418,2.4857276160984674e-05,0.24408050450594682
4,31,0.0011218524361755072,0.12680236143484133,0.0246047474356487,0.0026117552999326723,0.00024930539948771777,2.5182141752856236e-05,0.045980092341943835,1.433723192104867e-06,2.1268105826013152e-06,0.5520931283187087,7.975253707361718e-06,3.1776294756701005e-07,0.00047829411352986225,1.838785396184249e-06,0.24601958874215293
5,31,0.0003709434705941292,0.14635249454313665,0.01832346774261042,0.000851501937625811,6.0209215770016545e-05,1.2599178327533464e-05,0.03681941900096577,4.5216449015483273e-07,1.0017618130915773e-07,0.5531441562022461,3.1932269434007234e-06,1.844186939280231e-08,7.50547345483241e-05,1.3345379125826692e-07,0.24398625651089986
1,32,0.14750070557081138,0.013373610844603414,0.21969966701661073,0.197629861969472,0.029489444438905922,0.161988970998055,0.03768962314021998,5.762276666810059e-05,0.017167193258037824,0.013874785971341235,0.0017856697376046587,0.05026903704343369,0.0001050917557045865,0.10903133363309064,0.00033738185544079935
2,32,0.11736503387351534,0.0279551002148905,0.1170150664463995,0.21300526016410903,0.02075457557912466,0.2605493288973352,0.05862357661225748,1.1455214002257507e-05,0.0011222884306620942,0.1433613083557285,0.0027235835771139026,0.007146401241955964,3.755808245992944e-05,0.025010054274255917,0.0053194090361897576
3,32,0.06092756415305896,0.046058256636933706,0.06244676645796933,0.12371564169421352,0.007227013509608338,0.19896430781797889,0.06213184745554405,2.3015538327477454e-06,5.625138463955964e-05,0.3965926888954933,0.00246963041103025,0.0007236412834069398,8.33392461293819e-06,0.003264249658015559,0.03541150516366191
4,32,0.026414605079101965,0.06487887998396358,0.03843992680104008,0.05440816876491553,0.001992560961531927,0.11584371168721636,0.056600729054233155,5.827645368521185e-07,2.829122118443862e-06,0.5379058451356931,0.0014487114740015547,6.0927559844236624e-05,1.608292636668389e-06,0.00033102923769479965,0.10166988408147189
5,32,0.010285796201104144,0.08738765848004672,0.027925151114538305,0.020568626637464157,0.0005062308390222756,0.06128699857090469,0.049482487232640184,1.7599218204456278e-07,1.418935730472227e-07,0.5747671434209122,0.0006879725878680016,4.317126785487604e-06,2.8593511767760296e-07,2.839850261322102e-05,0.16706861546522797
1,33,0.00010151375401287841,0.18026406154294017,0.0018774320603970357,0.00013887661603836273,0.029490570688274414,0.12308898152794803,0.17256483061433125,0.008473386837989453,4.935574775657617e-05,0.09396762435948597,0.13200041038430269,0.15412224200056943,0.07508043638584616,0.017841471502858038,0.010938805977249723
2,33,5.896822016937231e-05,0.23526958029787226,0.0012286591004094052,9.666647036388015e-05,0.013272848060431514,0.11664748024544822,0.1659763250208625,0.002510269901592623,3.2145002224420754e-06,0.2847790417697816,0.07938124081309826,0.01794476790885243,0.017864389930864605,0.003162140873484463,0.06180440688654642
3,33,2.1406937942344253e-05,0.22462739171019105,0.0006303975077652905,3.756880896462073e-05,0.003604772714052811,0.06607643128218874,0.1095736490759048,0.0007336663974204878,1.4322743818736235e-07,0.41955769940712545,0.03317136835361399,0.0013741295263752437,0.0028809951202508535,0.00029955965163449536,0.13741082027913165
4,33,6.7199182431556855e-06,0.2112482533308147,0.0003726714936399461,1.218783214505281e-05,0.000868548950928388,0.032413692104009725,0.07207046793534028,0.0002558741728233627,6.3826657078439926e-09,0.48105240442007347,0.012859490223019318,9.025624148819108e-05,0.00043365408761543027,2.3922179069123007e-05,0.18829185072812396
5,33,2.0067534897709975e-06,0.2066608152562037,0.0002538968697524999,3.714296971551022e-06,0.00020134688098882655,0.01521153111612833,0.05121798863929775,9.750491075437653e-05,2.8819520487631715e-10,0.5081065925711508,0.004938507687871224,5.51631834475773e-06,6.359869902437568e-05,1.7786501297352922e-06,0.21323520106169713
1,34,0.029134539199766378,0.0001822149805237979,0.05166850708645633,0.014402343123895421,0.00013526454578537464,0.2341128236612935,0.127707697037966,0.016513736410670006,5.268140242712168e-05,0.006738754887197363,0.09844262210859041,0.0741207953336835,0.2331082145959585,0.10368728628096388,0.009992519344822398
2,34,0.02722986642134647,0.0006407659569467787,0.058768156419863396,0.011877950057577087,9.143242707089178e-05,0.34452200289544566,0.1883573782760702,0.0059111030601037085,4.251435434075053e-06,0.07988807605808619,0.10047233409557678,0.010084760898507676,0.06853288272992121,0.01856257653015637,0.08505646273789357
3,34,0.01383184505091867,0.001275614128857587,0.04615144456438359,0.004804207676908794,3.154959252280622e-05,0.24112774408282675,0.15050193117466173,0.001868167257243619,2.39514938958654e-07,0.2693064367544299,0.058929843684956185,0.000820388709064157,0.014361589802532802,0.0017878030485701764,0.19520119495718427
4,34,0.005669101842269394,0.002110161793995739,0.03830585484550931,0.0016192028658313332,8.660147288773355e-06,0.13156074218411073,0.10998668062134809,0.0006818829876172776,1.2844016675648998e-08,0.43663283690099103,0.026924220358024033,5.4471502780617806e-05,0.002691311719332634,0.00014404007259574258,0.24361081931428866
5,34,0.0022950235448491473,0.0035475894570097207,0.036727903379515286,0.0005535861616619916,2.261849709884807e-06,0.06990067339684491,0.08808323889711822,0.0002787057176179973,6.821798035521456e-10,0.5298311572628822,0.011604895697889576,3.3431260723215828e-06,0.0004933646101646863,1.101759147123198e-05,0.25666723862501306
1,35,0.003277275587902111,0.1527402698453978,0.02415034404403117,0.30605836549274557,0.0014688321019292582,0.00010973283209499909,0.04769954072002477,0.055631569943997504,4.74445672662151e-05,0.19870010447566644,0.11171795033930426,5.5548871365795034e-05,0.06460979445144102,0.013363689632652723,0.02036953709418029
2,35,0.0018237576277721783,0.18927636155149846,0.015097411670968069,0.17696595249081654,0.0005958887843123984,8.921439824599559e-05,0.053110342492666086,0.011148094638019712,3.23234823041958e-06,0.39224260899107655,0.06261892586501099,6.969013372056845e-06,0.01579970546268533,0.0019994254845948117,0.07922210918073043
3,35,0.0006812963271996754,0.19863646721098924,0.008841398114774737,0.06783464576022034,0.00016170857350765485,5.068612457648983e-05,0.04384748157155906,0.0024295701330937945,1.5276922674156364e-07,0.49481048115627163,0.026264412875302054,5.287437661070944e-07,0.002641350563791601,0.00018107931713195295,0.15361874075858903
4,35,0.0002197544070173682,0.20173795371979983,0.0058062324413394265,0.022454725975121975,3.9363573202106286e-05,2.5430937625775102e-05,0.03449877460481249,0.0006889669213945108,7.064995663158203e-09,0.5247640948430294,0.010220702978353082,3.4201743358885085e-08,0.0004050912290919365,1.4232572840124565e-05,0.19912463452963283
5,35,6.672515224051499e-05,0.20550630920498117,0.004156154548056273,0.006993420934720852,9.212272260893351e-06,1.21654203823255e-05,0.02763424090426317,0.00022766556584074635,3.2565936439448586e-10,0.5314889687513683,0.003929217344084899,2.069093449200561e-09,5.992503247061599e-05,1.052841614506785e-06,0.219914939632963
1,36,0.28332273934221697,0.00011041256253764065,0.12797178078561483,0.05068649358296457,0.034970884008485775,0.05716033371285411,0.00015973423971328272,0.0025914487646748153,0.06675176211716886,0.05862410892046861,0.001643941908944445,0.07505546665297785,0.07512863631610633,7.798328202773853e-05,0.16574427380324402
2,36,0.14305776569183634,0.00016460822394625995,0.09494393925840486,0.030558752792876547,0.02076634230742715,0.06763958735096198,0.00021692274164223692,0.0006494843708637737,0.005039100977468625,0.3074199244236718,0.0013604705901874726,0.007821033747827354,0.021174839923563907,1.0931655108459446e-05,0.2991762959442132
3,36,0.05548541308941699,0.0002510515870917366,0.07678989305806377,0.012040149462054978,0.0063453166497938925,0.042951140770226756,0.00024764476910653724,0.00015310163373146306,0.0002694376477426153,0.49512684444269484,0.0007222348233919472,0.0004762571598157323,0.0038665888459327876,8.664399800546716e-07,0.30527405962095594
4,36,0.02361609593330991,0.00041084979394485314,0.07186090078924882,0.004998070835202724,0.0018265513996190547,0.026316854309449862,0.00030249830766952896,4.271259179476521e-05,1.449754565168766e-05,0.5757695787719419,0.00034119266249981345,2.7789931861443716e-05,0.0007212436271708076,6.77284089530299e-08,0.293751095772226
5,36,0.010837406523168322,0.000699983522988791,0.07119625567107132,0.002203908372206337,0.0005299453727372607,0.016573206876652632,0.0003818688936517471,1.2822936776891928e-05,7.839166108250885e-07,0.609576773058841,0.00015742997477108514,1.622933101426054e-06,0.00013890230815182423,5.3862706494280125e-09,0.2876890842529998
1,37,0.003367984354690586,0.08227098355703387,0.22746978883821514,0.04388112191351107,0.02688250778102393,0.025564174496243864,0.09254893079343779,6.408599986544956e-05,0.0007988937990306085,0.19535428791773654,0.10601494330911182,5.5842161179992216e-05,9.029576373230268e-05,0.007543047099458489,0.1880931122157285
2,37,0.0017742734788997545,0.08065728987153031,0.10174511685754728,0.02521193601250183,0.01201186304023075,0.02343284682698368,0.06409779915746297,1.4332052677887723e-05,5.415948572299443e-05,0.3657356954343865,0.04905540900822561,5.4584654201475335e-06,2.4231412694033575e-05,0.001002090247282378,0.2751774986484338
3,37,0.0006880177754694037,0.0875551164274841,0.05645501167478581,0.00957173076028894,0.003450494857782458,0.01427375034159477,0.04412126223133907,3.203282997522e-06,2.5297236437458955e-06,0.48139715343323214,0.01957267276303836,3.3007908483923015e-07,4.260800214088345e-06,7.929082717172378e-05,0.28282517502187304
4,37,0.00025020439347717697,0.10354414747076268,0.03872579159721394,0.003372412556819654,0.000900568154793891,0.007812557658733257,0.034419574149909045,8.4394518897859e-07,1.1974645717872648e-07,0.5324885847889247,0.007780840676158964,1.9034616367285597e-08,7.086740290417882e-07,5.885923223509092e-06,0.27069774122969165
5,37,8.707888067850772e-05,0.12417180688976111,0.028873221193962857,0.0011462934061597617,0.00022545143819176496,0.004076123327944404,0.028639806153855835,2.4226770731824823e-07,5.709652014066516e-09,0.5502547830499032,0.003103493521946145,1.0924853906258514e-09,1.1445685631375769e-07,4.2938348487095526e-07,0.25942114922741044
1,38,0.004275234414652096,0.04944285715624973,0.00011678013779804446,0.16453407202752096,0.026340395448484898,0.0019957653580814144,0.013941405640496464,0.08753246587546953,0.04091316233402412,0.3916933087536576,0.12287534322023037,0.05491011263037602,0.0001414899247558861,7.227653563790783e-05,0.04121533054256488
2,38,0.0027184221950847212,0.09449478652246694,0.00017467044657685065,0.09491803469737498,0.010353132549971396,0.0015737251755903144,0.024137938054624265,0.021931663835333882,0.003259522798543403,0.5522934559301139,0.06388966197971986,0.00658295386284526,4.2825400341648684e-05,9.994121490211859e-06,0.12361921242992242
3,38,0.001013408940203709,0.14293792518115694,0.00020881320865397468,0.03317258369421129,0.0026042013064794304,0.0008151854389259941,0.029292659546664438,0.005656769001198948,0.00017317500112194742,0.5721312414531029,0.024915726010637993,0.0004554086384622196,7.270021321828284e-06,8.010697862227215e-07,0.18661483148807215
4,38,0.0003236949104726185,0.17604746731804125,0.0002038063967292481,0.010358219452116917,0.0006067469875554686,0.00038692838080214777,0.028369827245941164,0.0018553864471108014,8.5097154598387e-06,0.5576169976626842,0.009417768069214105,2.8081943306693873e-05,1.1118437945959962e-06,5.905535335451578e-08,0.2147753945714176
5,38,9.7268952474802e-05,0.1962001580435012,0.00018007412511897715,0.003118510242934784,0.00013855588930770135,0.0001792658416312595,0.025203146623768557,0.0006896553326492505,4.038076613314656e-07,0.5448333818663498,0.0035772972604729714,1.6644861015430127e-06,1.6366334393130992e-07,4.237288248457173e-09,0.22578044962739582
1,39,0.0001169176609481293,0.00013321253873027706,0.004285778349469302,0.00011955316948984803,0.12596475851619154,0.3612930166588647,0.03751546006664465,0.09488844479824615,0.063785864307001,0.1810525692248916,0.04528370934745323,0.049760220451417356,0.01392065560938729,0.016848237518897007,0.005031601782367616
2,39,9.088438530663738e-05,0.00036303771534290836,0.006421511628882983,7.988557409872781e-05,0.051150112768287896,0.291685460359321,0.07005627222614229,0.02740524566966833,0.005024623618572645,0.45530970697695466,0.038606031729582026,0.00707937593319594,0.004822021165237115,0.0028763443049580856,0.03902948594444876
3,39,4.495730125470797e-05,0.000922883668016828,0.009811049299275065,3.264486434654182e-05,0.013674449336089932,0.15929533654237388,0.09110512947897423,0.00940551504283683,0.00029014909529105176,0.582295952011074,0.020393456436733882,0.0005967616781264015,0.0009996266545267047,0.0002658809709167081,0.11086620762016326
4,39,1.9941790908773554e-05,0.002078854261220668,0.014610046654421338,1.1932174014624145e-05,0.0034889194896154654,0.08302220233758828,0.09536684942473803,0.00441308163175214,1.631663323259535e-05,0.6115688081791814,0.009303597487649768,4.2104014242877055e-05,0.00019413574808786434,2.17112256907299e-05,0.17584149894765555
5,39,8.590538061476244e-06,0.004332889534506288,0.020417156699503995,4.281212063940486e-06,0.0008913662991912972,0.04387774318833396,0.09219726166937796,0.0022940955867657036,8.996542237306596e-07,0.6159095004587344,0.004080077567040827,2.7073870742484843e-06,3.6866157904348555e-05,1.687241578545181e-06,0.2159448768056392
1,40,0.12830693381836658,0.1964057646278415,0.00016907778642239843,0.0036847586819974995,0.13888261558078485,0.08153204147684888,0.03378731607347042,0.17995144578512068,0.0018919702496661256,0.0008092318986485798,0.03572828939024803,0.04698533473593275,0.1139352505828985,0.03698992335786678,0.0009400459538864104
2,40,0.08151754932679381,0.35116894153817585,0.00017738310950199125,0.00521460099458948,0.11686679364576037,0.16863467823313888,0.09663555501035506,0.0298213375751414,0.00012217734929552507,0.02475464737844791,0.047115951878055305,0.006440551462473667,0.028111123968368276,0.014308171027574075,0.029110537502328344
3,40,0.0313032922763996,0.3533865901057601,9.283455827359027e-05,0.0025080539571003878,0.04657585087955975,0.14659437261922054,0.09395769297458291,0.004700168300508363,5.21179879908468e-06,0.15650309886796315,0.03032600906325926,0.0005412044660680764,0.004423744438082521,0.0017326572756001422,0.12734921841882266
4,40,0.009353837814304322,0.29347632093485504,4.5904967027545184e-05,0.0008128735767671544,0.012835551334356625,0.0809602951965071,0.06331398925530593,0.0010340691960559864,2.2622733126274431e-07,0.32571013473658206,0.013638901452443402,3.65194476293163e-05,0.00063332532929882,0.00014753379817480423,0.19800051673336064
5,40,0.002619745427604994,0.25237429332205064,2.6571029046008332e-05,0.00023841388158145414,0.0030821520676875985,0.038611380683310575,0.04284701332240744,0.0002995615301289495,9.942304790087475e-09,0.43129764120954406,0.005435172471117928,2.2255585603218627e-06,8.847099924540708e-05,1.1070582630465147e-05,0.22306627797277923
1,41,0.12178972598745405,0.00493581024686256,0.01412784511600904,0.0817102159355666,0.0177371544577224,0.3092136208481429,0.00036810568473652884,0.000138175344452746,8.012729966293628e-05,0.2115288781661128,0.02774691992896946,0.07703591438266594,0.011042879746533465,0.06327598753437233,0.059268639320736415
2,41,0.06483086215808395,0.0167142524713186,0.03447438962215795,0.04190917674770824,0.006718257931663085,0.2126660566460771,0.0011389447637248713,7.398647257675706e-05,9.039378105554381e-06,0.4382813722785842,0.02044902101902516,0.008873914387717506,0.003124152695396719,0.00880545636498927,0.14193111706287106
3,41,0.026397853463723774,0.033162041745836875,0.04294344734705015,0.016034870497486,0.0018033560299158468,0.11481485730145208,0.0018508794403465278,2.5397424489626295e-05,5.546952551760298e-07,0.5460482212895377,0.010022048722529018,0.0006191513868935665,0.0005808053481550865,0.0007458631609602453,0.2049506521463683
4,41,0.010497060695575416,0.05482538066385706,0.044410180149528126,0.0060558078113239315,0.0004713131869415316,0.061938204047488565,0.002407261311222181,7.990190754241899e-06,3.0639766159794804e-08,0.5787232490754279,0.004467730336448145,3.878667292685952e-05,0.00010347817863413804,5.884006538048032e-05,0.2359946869747252
5,41,0.0040572874036986905,0.08120489332690418,0.04132475643870917,0.0022590111001972416,0.00012196758214434447,0.03347742286338328,0.0027739422413102077,2.3859470080244794e-06,1.601527088072328e-09,0.5842520155947932,0.0019211186894242112,2.3249593261413705e-06,1.7917227620919222e-05,4.503484809094955e-06,0.24858045153914415
1,42,0.12123243540356685,0.00010276199071710068,0.0754477713238807,0.00010631408291132746,0.0019116143496032106,0.039257662189173835,0.3034629467697067,0.0026262094855549712,0.04689700483540242,0.10092756269038552,0.009403037182232213,5.4735811212246225e-05,0.11291050457098253,0.01351346402866192,0.17214597528600836
2,42,0.06360456997430528,0.00015625949944530877,0.054433263744587915,5.67182427466895e-05,0.0009293655734741648,0.03844853025400796,0.20688817231433737,0.0008352112763532057,0.003520880728354845,0.3320793419070788,0.006419627170209357,5.497266175740074e-06,0.030646912927554854,0.001741319132008934,0.2602343299893595
3,42,0.025420012340064035,0.0002371198769708416,0.041758024851962186,2.0464826660024026e-05,0.00026625908259682025,0.0230428066629662,0.1312052338390637,0.00028737426138682816,0.0001798170548869189,0.49505320559198224,0.003130852652823543,3.4186229244412015e-07,0.005700329620695727,0.00013683844484291556,0.27356131903080566
4,42,0.010500058592356813,0.00038841295206658977,0.038930571738084035,7.416762322562978e-06,7.146108072877586e-05,0.013043242500341563,0.09809108701699813,0.00011731561446424644,9.257617110518229e-06,0.5667987234551893,0.0013926311391520222,2.027657491441103e-08,0.001057417124112455,1.0395918835672402e-05,0.2695819882116623
5,42,0.004535183575142976,0.0006698196629272593,0.039964873566959803,2.7956649244334653e-06,1.918136488016172e-05,0.0074676407401925255,0.08203893706347674,5.03514131922131e-05,4.847635560569815e-07,0.5976528408415089,0.0006096546777121207,1.196476385776694e-09,0.0001994528079642611,7.938653867235811e-07,0.2667879887956993
1,43,0.032951582248377936,0.1651090895620412,0.00011355413327453617,0.13182642614204457,0.04499848002907302,0.0056299710479791815,0.00015028264538322961,0.015106864773028661,0.1367899829006263,0.253470414357351,0.13848660224054174,0.05706188516271468,0.012137145285808082,9.049238690971968e-05,0.006077227084845973
2,43,0.022772416657167432,0.20153530998880004,9.200277843381666e-05,0.10669838518810708,0.020242822918146205,0.005604254574628457,0.00022402760782115258,0.0043418847446400725,0.008224439778352514,0.49295287879284705,0.07877337874032156,0.008065710399158321,0.0034372196387884996,1.6413826572184993e-05,0.04701885436621546
3,43,0.008702734922571224,0.2268353349232427,7.183732674617556e-05,0.04494406805659979,0.005372732102625366,0.0032043616372689045,0.0002574970278223896,0.0011816770760714455,0.0003902618455405525,0.5521412010673153,0.03214581207269015,0.0006516191813983267,0.0005649682509314896,1.5691102046382064e-06,0.12353432539897138
4,43,0.002771153587327642,0.23450951422692837,5.684260641587057e-05,0.015354265683731204,0.0012874039356682832,0.0015927124316555549,0.0002535523202685249,0.00038343408536796534,1.8395108530493595e-05,0.5493931484376111,0.0122740380440528,4.3737973865258054e-05,8.484425911645848e-05,1.2685248125425012e-07,0.18197683044697924
5,43,0.0008199238557664332,0.2364666436449201,4.596401657672689e-05,0.00480125130984391,0.00029764211950877026,0.0007519607419483079,0.0002374108627790346,0.0001345866892248015,8.586993142558722e-07,0.5398725510422077,0.004659673764735315,2.6902693981048073e-06,1.2261867498233807e-05,9.492494984576813e-09,0.21189657162378328
1,44,0.00016119786005221092,0.0061020608937755435,0.043467608281916544,0.03212624809245187,0.1776666925447709,0.15713892377423944,0.20764881338148902,0.1881376493064858,0.06495085224186294,0.0004377772529046927,0.0023041282384242043,0.015351721256171206,0.017103880712179532,0.0869308969758721,0.00047154918740391106
2,44,0.0002193699193554368,0.03095903920718681,0.05143157011443527,0.03613885723698066,0.13628785722915407,0.3001301213656691,0.33786199616962986,0.04269679155749124,0.004797054168144012,0.011927744389138654,0.005906764513453482,0.0021435224606512144,0.008696090189187603,0.020152734058546833,0.010650487420975647
3,44,0.00014974228129725317,0.09331267251262997,0.039549497024322,0.01966602427669383,0.058002412922373424,0.29058414413792666,0.2886455137773067,0.009292775347065777,0.0002560399904862243,0.11256489775484801,0.008740330735180811,0.00019440837575770704,0.0021695286642750924,0.002428363600427307,0.07444364859940926
4,44,6.202049710471459e-05,0.13029352724426765,0.022176790985770405,0.007073341270280615,0.01716867007266886,0.17470497581641248,0.17709798277373798,0.0021980939575517236,1.2484264264277312e-05,0.3024596582789608,0.005872040282978395,1.4627354656512285e-05,0.0004013323870958967,0.00022235638997146546,0.16024209842427825
5,44,2.0712065467256054e-05,0.1446818457846231,0.012991806337627672,0.0021887762701891912,0.0042621837294979665,0.08619514927722682,0.1073660042072686,0.0006308659264336446,5.81370210113069e-07,0.43331650789467757,0.002748712528159113,9.481195054652607e-07,6.450844166229014e-05,1.7418690359258368e-05,0.20551397935709192
1,45,0.00010389182365090005,0.1103932293542999,0.0037210418737212607,0.025363454095307356,0.0031124529753152764,0.00024939146607530727,0.16745997487086084,0.1885055628729215,0.013734191395219048,0.07415718725456813,0.07808870971213085,0.021425035609611384,0.11395091416374342,7.07878036526363e-05,0.19966417472892206
2,45,5.129651346415858e-05,0.15197790908925402,0.003021474204318404,0.012541734681962163,0.001618524542207429,0.00025406054526845204,0.1447169765203763,0.035831204300855776,0.0010167048632495203,0.29142678394314664,0.04426472020245964,0.002045829363443511,0.027884377986749802,8.670409850581289e-06,0.28333973283339364
3,45,1.6081805468622414e-05,0.16605831883528133,0.002088411919650469,0.0037379704054784223,0.00042542543088336913,0.00013376236466502815,0.09462048845444751,0.0071786419582281135,4.6978201335027714e-05,0.4336148815429367,0.017260257699756663,0.00011949898989568817,0.004229729659596374,6.18895441497954e-07,0.2704689338369352
4,45,4.77760476768416e-06,0.17687283904802917,0.0015441970668845907,0.0010758990662685978,0.00010021211096652916,6.33106377994145e-05,0.06594723149539083,0.0020947642297563735,2.142285146673205e-06,0.4929329430456121,0.006515881785368562,6.7916616503455345e-06,0.0006186149069526059,4.293929704591854e-08,0.25222035211610944
5,45,1.4059086470693814e-06,0.18749290641266222,0.0011955715335454293,0.0003129162088827761,2.3032896585027778e-05,2.9355127610262824e-05,0.04923909110526244,0.0007517389703155998,9.832341181450915e-08,0.5165168408843456,0.0024805193350491837,3.887191565256316e-07,9.009793513964943e-05,2.999615542329107e-09,0.24186603363977074
1,46,0.015209262332102695,0.05125155808945537,0.21614728865729482,0.00022333614647991699,0.006975705837932164,0.26289567149697096,0.0002021993142911506,0.015503941962318319,0.05633860931239916,0.0005312510903563277,0.08970881228803008,0.013545894333791011,0.1327609379717308,0.12832315615176426,0.01038237501508286
2,46,0.01432847558060042,0.0901671497386018,0.11753313978253949,0.0002354109301443006,0.005557652122568385,0.48337352599665995,0.0003961477273011261,0.003085423015666698,0.003437010796712507,0.007339812004015909,0.08061984136697,0.002130582724859216,0.04171208852638159,0.026236303501648555,0.12384743618533006
3,46,0.006324551197832124,0.12839936436242344,0.07528172287291765,9.160976275119506e-05,0.002353229525899066,0.40608891514339435,0.0004703303594289586,0.0006070449287763083,0.0001720713071483478,0.057844842659476835,0.05107997627712113,0.00016262177508308883,0.00788332482252114,0.0025053715284115725,0.26073502347681476
4,46,0.002157839732043201,0.15648312765695432,0.04915600841885127,2.7935782866285937e-05,0.0007561315575999732,0.24895619378908054,0.00045263075087988044,0.0001249455269817251,8.4023380185109e-06,0.21546026514060218,0.026329240625451118,1.0123507389083615e-05,0.0012789733154950935,0.00019398450205125047,0.29860419735573546
5,46,0.0006630378260712267,0.17112236334061687,0.03194671616776773,8.099800966594816e-06,0.00019688237939631344,0.12514974928695205,0.0003958549143731151,2.7553871852845743e-05,3.9981885259570425e-07,0.37604198115830895,0.011381175637096732,5.856701023156656e-07,0.00019177866008116267,1.3912700719865665e-05,0.2828599087668415
1,47,0.14224822369980658,0.13313586783012563,0.016877455459154752,0.02628218256529547,0.18816275873644175,0.0001726589242496665,0.13921502872160665,0.0017688322843634266,0.06704060526231871,0.0005786029803837873,0.00014554599256497343,0.16836260646275675,0.004315236453425346,0.023241081424120538,0.0884533132033858
2,47,0.07985597928065799,0.2329684894513466,0.017962745960570216,0.016647405300403473,0.1741823866035783,0.000333770446907382,0.18272274606970285,0.00069189309182026,0.004841954109765428,0.019349009003673708,0.00017515618241548182,0.01751354170489433,0.0012695372135580355,0.003644824801179052,0.24784056077952696
3,47,0.026074592229310196,0.2642424743615335,0.011364607735439998,0.0056011186337779776,0.07686059340591374,0.0003043977961310912,0.13291288830484305,0.0001765681455326619,0.00021804376381487158,0.1699879169921957,0.00011949830432283928,0.001056643086617157,0.00019894558071120806,0.000289055395314519,0.31059265626454163
4,47,0.00730921263730727,0.24000646376794738,0.006314379900313194,0.0015956648803241097,0.020986887124356868,0.00016704618056420553,0.08077544418314951,4.761706840959234e-05,9.342904382802415e-06,0.3552281966030147,5.4125020755629916e-05,5.840815922441287e-05,2.788112611501461e-05,2.0248767371637577e-05,0.28739908167676365
5,47,0.002034255181362814,0.22053421092978348,0.00389325906622798,0.00045196400777073703,0.005014225700508302,8.01242545896436e-05,0.05286509726745641,1.4957447246692486e-05,4.0842225357739565e-07,0.4542652020599651,2.150049521252286e-05,3.249640427976848e-06,3.903306552998873e-06,1.401649348924803e-06,0.26081624057129293
1,48,9.461211089822247e-05,0.012383039657533774,0.13009697091036154,0.019492778308611326,0.13017383137108,0.0018443788214924004,0.08446938504825201,0.018803984292522804,5.635324086431368e-05,0.18429393400259364,0.03427376868814292,0.0020643424432777065,9.864191418002539e-05,0.061500938082083276,0.3203530411081061
2,48,5.1299623317432165e-05,0.016991329889661965,0.08922843152635822,0.010087396397135382,0.05769575752832111,0.0016054999423745049,0.0671348133940427,0.00485043110173609,4.410684060378253e-06,0.3833885362963149,0.019691791431098157,0.00019068793214454803,2.8231682022782778e-05,0.007521935012613782,0.3415294475587981
3,48,2.1695318156802385e-05,0.023336220611258326,0.06383663601858744,0.003929070794582097,0.0168818343299162,0.001008518262277637,0.05142295833969386,0.0012290949250489088,2.1723951457162475e-07,0.5140463586576981,0.008733755241793888,1.097966208325461e-05,5.240150736403291e-06,0.0005745655629245263,0.31496285488572806
4,48,9.072635408599228e-06,0.03383757846709871,0.052683604078309354,0.001518885624200692,0.004647566752832947,0.0005965034200013397,0.04362145494053285,0.0003643652629048506,1.0834010721052286e-08,0.5680312965075163,0.0037257986551349482,6.242027252070362e-07,9.524373118681724e-07,4.324457898171304e-05,0.2909190416030299
5,48,3.723089922086512e-06,0.04941646678669086,0.04575887330475925,0.0005816878029808443,0.0012465299068493852,0.00034282606832585703,0.038922061296539176,0.0001144440103220509,5.440740239496979e-10,0.5861656924784915,0.0015764406741796864,3.578505620082865e-08,1.7089337084636613e-07,3.2541710699008967e-06,0.2758677931873683
1,49,0.07883450705320001,0.16136088572264104,0.028496517216216752,0.004331867868626045,0.04408180539689638,0.19633495984442378,0.00016743625473523112,0.07870048894871924,4.859500111053611e-05,0.028549069032273337,0.2557509035755238,0.0009250135326301473,9.181546065953767e-05,0.07330918744206427,0.04901694765027998
2,49,0.042317788091189405,0.21865164590859248,0.022541585430035673,0.0025340906868040543,0.023360770104100023,0.20304263155280436,0.00026906521871015716,0.015064641676792665,3.4587595485212578e-06,0.15175457131827721,0.13550380910871768,0.0001124873638046339,2.26290991802902e-05,0.011207244444915478,0.1736135812365274
3,49,0.013825517065853716,0.22762204702712577,0.014563013416999475,0.0008293899218170461,0.006797810437431185,0.11566945007342323,0.00026221680507761467,0.0028937604873211257,1.67098353258451e-07,0.3230607424045099,0.05262912651804436,7.610015938486641e-06,3.4887651342214143e-06,0.0009241856159682047,0.24091147434700233
4,49,0.0040136198082433875,0.22508528092837377,0.009837511506828918,0.00024366105664372869,0.0016675818152629219,0.0557504540122332,0.0002309776483641822,0.0007081315517042198,7.794655010490586e-09,0.43299113406069045,0.01943805293487904,4.537682430806989e-07,4.976681742729844e-07,6.750136301910968e-05,0.24996513408268464
5,49,0.0011462817794796552,0.2244949950144772,0.007084316959680033,7.130271776016886e-05,0.00039024574231744845,0.02598095807128298,0.0002043084935582815,0.00020340164015611727,3.617751423079475e-10,0.48717077070621306,0.007298402355334805,2.629000463197595e-08,7.040341341162894e-08,4.803753613863357e-06,0.2459501157109331
1,50,9.306287362576229e-05,0.31145414052260945,0.0726905572641163,0.15717271456995277,0.00408336053311414,0.19267932767201953,0.03293983304695467,0.04662927833173693,0.016835771964839864,0.05126201207960269,0.01023487706683567,5.475389997812092e-05,0.00139926485769231,0.10219370058687378,0.00027734473004789785
2,50,5.158242998089675e-05,0.32533109124413273,0.0326906533028053,0.12914388851938857,0.0021242257520750533,0.20184339344679492,0.03976637211915157,0.007599536400214276,0.000984766872204589,0.22565076543873366,0.00878772004098623,7.252930585933013e-06,0.0003398305545684124,0.022440925890008307,0.003237995058369421
3,50,2.0830510922792842e-05,0.29514626524416293,0.013127203092837674,0.07336201038234232,0.0006513434260833495,0.13394070303288508,0.03634672045640078,0.0012555037645152734,4.153388186647743e-05,0.41401078367389854,0.0053817953171409316,6.86778074950143e-07,5.602404294857461e-05,0.0030963162764947047,0.023562280119425596
4,50,7.481670595960067e-06,0.264394986518052,0.006107268374524751,0.03252309363458766,0.00017027936223840828,0.07495296837619735,0.029982038546160123,0.0002772205533199518,1.7989246248367362e-06,0.507641505442822,0.0026711381766575427,5.742656899236347e-08,8.780030241561727e-06,0.0003314687142174359,0.08092991424919121
5,50,2.413793405464119e-06,0.24260163976325685,0.0034471660896130416,0.011733160664761075,4.113143423831073e-05,0.03769773307457206,0.023730304009331425,7.827487704359618e-05,8.047451376218659e-08,0.5321158918716375,0.0011547173151140171,4.102146234414052e-09,1.3262020588065964e-06,2.8977859819380165e-05,0.14736717846848837
1,51,0.1306955533688374,0.00012903522162137362,0.12590049760867192,0.16356428968027542,0.00011860341879281843,0.01594439390307329,0.03508748964872195,0.013557504370710044,0.0008525028251344477,0.18874855298678717,0.003936692883585436,0.16266814618900943,0.00010828369309956066,0.02785818630988242,0.13083026789179725
2,51,0.0715886058433737,0.00019847729196915113,0.08743008100370765,0.0961199041811363,5.5689414637244625e-05,0.01505154492204789,0.0363954465477332,0.003366172442764114,6.841673266758425e-05,0.4360563145148415,0.0030201182303248777,0.01665493682776236,3.2672089410575984e-05,0.0038699501644189715,0.23009166979320467
3,51,0.0303755868541407,0.00029320067384408564,0.0662539523028294,0.03948045300347776,1.6397991095610592e-05,0.009433098731377468,0.03331539992779109,0.0008578572946620789,3.6114943768280035e-06,0.5549506960274396,0.0015016297500354484,0.0010613993213973946,6.3501871764985575e-06,0.0003199939587307035,0.26213037248162535
4,51,0.013447972866273188,0.0004734841105159466,0.060317279671037546,0.01636305434558123,4.63787543689582e-06,0.005755422536161031,0.03291246195347444,0.00026503036391126877,1.9125497029328505e-07,0.5992226236674288,0.000688178196737652,6.374969774248472e-05,1.2191048322069372e-06,2.543129018289199e-05,0.2704592630657143
5,51,0.0061768611274895385,0.0007962422251209355,0.058874755868213925,0.006945204772788699,1.3123203229852428e-06,0.0035474322995622232,0.03349781034834863,8.87209079126805e-05,1.0177302113278626e-08,0.6164208907258064,0.00030950614926185263,3.7749612922994215e-06,2.3623481923486408e-07,2.0158433669127676e-06,0.2733352260383915
1,52,0.0019029525180014994,0.00011838246200495947,0.2453004351205139,0.00014219558191631883,0.006003570948605669,0.057020282394177495,0.015530906042437134,0.01323654306897731,0.06953183270740365,0.12241502819337825,0.08792927673707338,0.04861017183579387,0.00011591404836717326,0.09765894600515973,0.23448356233618964
2,52,0.0012235531929310091,0.00013901484489172434,0.12924885772019543,9.517294655626524e-05,0.003436609207041192,0.06871772649958718,0.014193924129355504,0.0028138154916251723,0.004710545301044099,0.35827077829097903,0.04685403656390659,0.0047724704246383965,3.6846195684310186e-05,0.013107730272026162,0.3523789189195381
3,52,0.0005443551747818926,0.0001858573160076913,0.08692885133056769,4.007475062811558e-05,0.001070272303701599,0.045949001426209946,0.012337237230717849,0.000641799721914626,0.00023275823961554096,0.5009008802169241,0.019821494239501056,0.00027824998029048594,7.051195024682132e-06,0.0010367837094176382,0.33002533316469723
4,52,0.00024656709353998836,0.00028635248587596167,0.07393732542493209,1.6951036273911925e-05,0.0003118989999184914,0.028906830921978224,0.012478631073586018,0.0001797437735825902,1.2042501606926262e-05,0.5690868932613221,0.008517851866518494,1.5939048198241592e-05,1.3394800770085494e-06,8.095439466357928e-05,0.3059206786379262
5,52,0.00011515464239131133,0.00047066432396935046,0.0694360957503317,7.383638713766044e-06,9.024742969826738e-05,0.01822279192691079,0.013525596252660773,5.497132071215024e-05,6.368869360338462e-07,0.6015304073929019,0.0037504941816615444,9.216700895171166e-07,2.586834116804458e-07,6.393903428002185e-06,0.2927879819961832
1,53,0.03007217889331747,0.015342446391215604,0.12219507402068609,0.004528768235196016,0.0017893004459007397,0.19655938437629514,0.00014700959422935005,0.05163718048535408,4.9854815567397614e-05,0.2229190671544249,0.04089406028272599,0.05322787728635527,0.00011941149965743764,0.21817563543625573,0.04234275108281882
2,53,0.020439689663376923,0.02575529837607124,0.0837493495421249,0.0032023743745549895,0.0008223690478351617,0.18616134871405032,0.00020179422544897143,0.0108272147449488,3.86408119744875e-06,0.4555792546329128,0.02952844781698995,0.006744116277516555,3.84611252247242e-05,0.034175131815024,0.14277128556272312
3,53,0.008970435500561367,0.037492327506403265,0.061809128192964934,0.0013570727824902984,0.00023327527198964187,0.11047157972019556,0.0002268545200808701,0.0023885064335653536,2.050423798535373e-07,0.5464007518164191,0.013803885896593432,0.0004756960537896197,7.420178686249556e-06,0.002994178075788969,0.21336868300809161
4,53,0.0036737131622263785,0.055451028054401316,0.05272588293183365,0.0005328768774681535,6.237329957232226e-05,0.06182727202032977,0.0002594046400303926,0.0006344795507924715,1.0752759798614499e-08,0.5751101913266383,0.006026841794194614,2.9654255598781504e-05,1.3377207262057303e-06,0.00023866602135456068,0.24342626759207314
5,53,0.0014443442461341315,0.07938046111174811,0.04588950043510926,0.00020295436846338148,1.636159361108853e-05,0.034072236454614456,0.00028937070958863937,0.00017709271708602205,5.528395638687233e-10,0.5821643254571146,0.00257672947561704,1.769554701497216e-06,2.3329270288979572e-07,1.8353016181452383e-05,0.2537662670144879
1,54,0.11574425197957831,0.13559028823989325,0.21116369767250764,0.12235247440589928,0.00010194630342685302,0.17315091623125436,0.00011514777938910448,0.02165755407661627,0.0007418932395251669,0.13695175896056797,0.02344941183119288,0.006180222233803203,0.0030223926845390986,8.204051749475135e-05,0.04969600384431197
2,54,0.05631591050553138,0.13737275618333578,0.08826287580909109,0.07408455134624453,4.4061793665455646e-05,0.15025935003654384,0.0001087726245462623,0.003785030419290026,4.919181031628398e-05,0.3247428665772199,0.01508930822095501,0.0007236325706736938,0.0007623270644537643,1.2741622023338497e-05,0.14838662341610964
3,54,0.019932208174223483,0.14327119598234966,0.046321808862675805,0.027318268077617395,1.212093055130169e-05,0.08429520434129067,9.264938742432863e-05,0.0007121774286509145,2.3643480193024566e-06,0.45845825098523746,0.0071190011365360175,4.993411349842594e-05,0.00012827044765806602,1.094527813805258e-06,0.21228545125645337
4,54,0.006594321798239976,0.15741693312277122,0.030242107454721112,0.009175318158636366,3.0320230508785294e-06,0.04294420156213017,8.369837316657317e-05,0.00016650270196981185,1.1304043141089184e-07,0.5152608624911874,0.0030045583193895613,3.0601247655078052e-06,2.0188168704885843e-05,8.369833068051534e-08,0.23508501896250444
5,54,0.0021087515467601865,0.17426076152498057,0.02166797815583177,0.002982395322786366,7.339314776420536e-07,0.021237944641472623,7.764328034909142e-05,4.41477289333551e-05,5.380337862297982e-09,0.5352168583777225,0.0012169798416570281,1.8041188828023686e-07,3.087029087612774e-06,6.159147569661121e-09,0.24118252666756748
1,55,8.817690465842462e-05,0.29586902278927657,0.10726743742253457,0.1452110630764952,0.14699593580567186,0.05196255732792271,0.00011457545353623043,0.012641758009333296,0.012883284343477073,0.003971150938139242,0.07852411693064805,5.575068839531449e-05,0.008928446850882036,0.0025701835416025833,0.1329165399174269
2,55,4.232822873728848e-05,0.29952135743092706,0.05940287399940434,0.07788118642201568,0.10925224647902737,0.07555435527260113,0.00013004999563308742,0.002634145009820244,0.0008470442989835887,0.053044441970691934,0.047709345107821495,5.6517566158140254e-06,0.0021054554665230017,0.0003612377142874269,0.2715082808469106
3,55,1.3514702360793943e-05,0.2794666423982074,0.03168756985947249,0.025499892491530177,0.04008700373881481,0.055681042542518454,0.00011111617813941924,0.00048321490051153436,3.748762028044713e-05,0.23248655651604216,0.022962778297125327,3.4087551012283247e-07,0.0003179431279761739,2.844854883663641e-05,0.3111364482026739
4,55,3.829041288759888e-06,0.24922424468036442,0.01782070619053642,0.007430744235044646,0.010549903102960155,0.029136455127198008,8.605229990947801e-05,0.00010314148057019225,1.6471808239067273e-06,0.39050219693939586,0.00921563477786031,1.9047275255136e-08,4.439811327843343e-05,2.014161783886559e-06,0.2858790136217102
5,55,1.0796220857070637e-06,0.2333207210140922,0.011372108548511962,0.0021689129866756356,0.0025298522136451276,0.013994859079561463,7.02079587554749e-05,2.648176347344716e-05,7.405744872657546e-08,0.470346467579243,0.0035525524289657367,1.0680130636901601e-09,6.213690091116537e-06,1.4111278032718524e-07,0.262610326876657
1,56,0.00015311590207618984,0.057165404425106,0.02808966286412178,0.007090099855432133,0.12544695465621794,0.03895325016971845,0.19230819927240855,0.09256533570960952,0.14522887946769503,0.21554015573092208,0.00013303000068360749,0.07770869186856567,0.00016348996502677074,0.01176135069716527,0.00769237941525095
2,56,0.00011964908740441275,0.08631512139154641,0.018037531504789123,0.006121312169113372,0.06004857183452641,0.043123918927107104,0.1800942973454384,0.020126745327353902,0.008898664700724472,0.5142796585216163,0.00010304039282621011,0.009810646746361446,5.790964656502824e-05,0.0022129079775508546,0.050650024427076626
3,56,5.120074356724312e-05,0.11091411105045935,0.011106182466672665,0.002601954517751145,0.015976957563927405,0.02519080289003836,0.12409206602010492,0.004864840153791295,0.0004051960250639222,0.5840241842667253,5.2108826083445135e-05,0.0007469307306314777,1.0743079768627546e-05,0.0002061058852062878,0.1197566157802085
4,56,1.853613710216749e-05,0.13297065999399466,0.007776538410268563,0.0009205474920225647,0.0038859666932909895,0.012909853058849724,0.08741309181780782,0.0016048490036991284,1.880842957194461e-05,0.577296942757566,2.2495851314401664e-05,4.9773030406947894e-05,1.7938941603402121e-06,1.6651512138594127e-05,0.1750934919178061
5,56,6.124895923316306e-06,0.15325705092759268,0.005861857407444549,0.00029871685955076035,0.0009137662727676959,0.0062752373232574,0.06475978043406784,0.0006043624259606035,8.777245398492604e-07,0.5617418556832263,9.13129402025187e-06,3.08231938600478e-06,2.828154686297222e-07,1.2546825990980995e-06,0.206266618934195
1,57,0.10727168632814256,0.0001438167392265703,0.12353125274425547,0.1166006208844101,0.004688461264968102,0.00016388009955177487,0.03153724300261176,0.024404171429026903,0.005200051440420157,0.25443824909577195,0.029611776566384043,0.07313969162577393,0.00197812836748227,0.22703115210028416,0.00025981831169036046
2,57,0.08651852578940136,0.0002641996613075867,0.07748168156971541,0.12968703360857156,0.002693079027929766,0.00020940282997759357,0.04802455308734292,0.005503008422153164,0.00036757884507601765,0.558940857705731,0.0270527860315177,0.010899808801556067,0.0007129789419990154,0.0484776486234568,0.0031668570542638364
3,57,0.05348720078091409,0.00044843742145222673,0.05172514747629999,0.0950713624573764,0.0009226150822703029,0.00017129426562007498,0.06025636874496955,0.0013721088939607335,1.8048066270876086e-05,0.6871599632430974,0.01674393292031567,0.0011219969442071306,0.00016812442145707748,0.006412743494662012,0.024920655787126624
4,57,0.030236747561759803,0.000795705814976114,0.04278330462213332,0.05479781137561203,0.0002799075794614385,0.00012133875580147823,0.06656291903927092,0.00046742229415757416,9.249689308291781e-07,0.7059855010182163,0.008828482158006915,9.799223896503508e-05,3.742906037552357e-05,0.0006956041173471388,0.08830890939498551
5,57,0.015490804534959796,0.0014266561734189473,0.04105522742162917,0.02615892145950269,7.987496289539333e-05,7.783840858010316e-05,0.06677445043690544,0.0001868422464407401,4.9126657148585143e-08,0.680858398374722,0.004190881882825099,7.1918261209299196e-06,7.888304811926316e-06,6.429472843278577e-05,0.16362068011209788
1,58,0.010020645428553753,0.16762735027188058,0.00012042531846424479,8.949147854149907e-05,0.27789634542266817,0.001684901448239448,0.09582994994601432,0.003577102679703396,0.014424625252605822,0.06540131104698844,0.11878298412047951,0.01147237392833407,9.28765543534555e-05,0.06263336508438007,0.17034625201879328
2,58,0.00452387592188519,0.2213059275217031,0.00010968670524920712,3.783406346527725e-05,0.11691996709175705,0.0013297435004814278,0.0914978892759457,0.0015134340118249168,0.0010568083813557094,0.22846964215918525,0.06265148680433145,0.001108132050210368,2.1676918935628235e-05,0.007606421968019675,0.2618474736256502
3,58,0.0013458496322656028,0.22181223057183197,7.494446112977608e-05,1.1018401989457747e-05,0.030351450386955112,0.0006915075747407484,0.06432685597597973,0.0005068085242961974,4.740450436641927e-05,0.38750296338070483,0.024062525023127217,6.46588422949641e-05,3.134745296848278e-06,0.0005469855600157037,0.2686516624150054
4,58,0.0003813964678941285,0.2157717901160041,5.323720545340779e-05,3.132241854445193e-06,0.007136916592467657,0.00032589923431195573,0.046031156954257677,0.00018388031970783327,2.1186019135241275e-06,0.46721834373783405,0.008919426240822878,3.6622611887867753e-06,4.420620048216517e-07,3.8040146536724414e-05,0.253930557817748
5,58,0.0001083593454048964,0.21404655539516124,4.0048796703903886e-05,9.017237272293209e-07,0.0016368360930134346,0.00015036240945782514,0.03499539253163671,7.010741942461262e-05,9.599605859795044e-08,0.5022216016859032,0.003350718106977981,2.0891154046458572e-07,6.269931173192722e-08,2.657277485506845e-06,0.24337609160819254
1,59,8.757580306846412e-05,0.3152719022917351,0.02329153909988941,0.00011387987013467312,0.11779499923419058,0.10309457562846329,0.04573991677241748,7.33136793444926e-05,0.005259339227034939,0.1959159074097754,0.01828922219204085,0.0021256328796475646,0.06293545309200352,0.10628446811449761,0.003722274705756703
2,59,4.4583198188238346e-05,0.32008580794692015,0.011780042583801272,9.159748963554387e-05,0.04775749095096202,0.08998397092609318,0.049786762735432685,1.9113474891009456e-05,0.0003285816694898936,0.40121664927252043,0.012547230061835331,0.0002817311801916347,0.01378201146814744,0.022255195083175663,0.030039231958715513
3,59,1.5998173834456244e-05,0.27830273763325203,0.00539863071524522,4.1777880403415295e-05,0.012793575382972208,0.052676001470936484,0.03926238737916973,4.725674454411709e-06,1.4102851877533405e-05,0.5037506960746042,0.006005156597643942,2.32272796409941e-05,0.002138439302578694,0.0023785162114822633,0.09719402737190443
4,59,5.047754351397143e-06,0.24699939834781204,0.0029911448875152382,1.4821049528387123e-05,0.0030832564172619936,0.026532571753344506,0.02941324349039675,1.4115084154787912e-06,6.216694514658795e-07,0.5264264321234453,0.0024952101376179772,1.605788417492245e-06,0.0003179810743647393,0.0002025774912833788,0.16151467650679366
5,59,1.5060139910819084e-06,0.23170331803315083,0.0019585287855579704,4.723910533054813e-06,0.0007163323912087776,0.012632609596578663,0.02290589400691619,4.731556516791804e-07,2.802048896202406e-08,0.5291832055092832,0.0009863323303381834,1.008199690678338e-07,4.626338787659421e-05,1.5565734172827273e-05,0.19984511830428295
1,60,0.0001082514764187565,0.015338586472266416,0.005677389577943472,0.12263240979884854,0.019715720192596757,0.35580894291022996,0.1796122499884031,0.0017317901857189439,0.061622997828712923,0.0003147527518894524,0.03052976346518886,5.507576290299391e-05,0.08643649931111926,0.05516093321516792,0.06525463706259273
2,60,7.6922960551697e-05,0.05169982887846002,0.010186795977218015,0.05786894557680093,0.011370653294991514,0.3755518843624121,0.22085164703498425,0.0010702419992710017,0.005001630993188985,0.005096329599312834,0.03623727165853783,6.252632203807024e-06,0.027144475357624535,0.007412036120220004,0.19042508355422244
3,60,3.176178609848416e-05,0.11340302472682903,0.01113034857258421,0.017704137247017675,0.004813824239588098,0.2995183807402948,0.18195055603096597,0.0004547806490244235,0.00027609501256269125,0.05791741911725474,0.028950339183113294,4.2514314153547053e-07,0.005096874831005485,0.0005963463366515698,0.27815568638386795
4,60,1.0314121709518432e-05,0.15596337649554684,0.00868137246226867,0.004785260724912204,0.0014761383791664228,0.1725619604595091,0.12465075465833653,0.0001578938037068014,1.3511217526084076e-05,0.22564947850326617,0.01586044352862582,2.5480500900677696e-08,0.0008094347788518013,4.302765698262416e-05,0.2893370077290905
5,60,3.019249501239377e-06,0.17191495866057083,0.006036076672077059,0.0012782654653830286,0.00036453460404349395,0.0817563058864307,0.08196734159563236,5.401683765909946e-05,6.268567792555743e-07,0.3817612076414131,0.00683052521309465,1.4578665053958102e-09,0.00011887055664050821,2.9817023001490452e-06,0.267911267600608
1,61,0.11315974967856673,0.0022734389987518464,0.2276338937368719,0.04843902859577398,0.056169759394188876,0.26663064346205384,0.00016990171259312638,0.07578235459273162,0.009197409981020596,0.012659119568134059,0.00013393843247470463,0.04717333473073122,0.012208258654489691,0.12787777124847083,0.0004913972131469202
2,61,0.10256130251618528,0.005676102572010224,0.13173643641514957,0.06435522035519003,0.03952542900997045,0.4475479027262205,0.0003595313545825572,0.013237827013231325,0.0006284386162891316,0.13572914930799168,0.00025829418578710093,0.00745505494274076,0.004711455953659031,0.03439136546076025,0.011826489570232005
3,61,0.05507200946606276,0.01070308967061531,0.08124283945658244,0.037100197669560527,0.013564625225177766,0.33245839166307356,0.0005036616513533759,0.0025435810023254303,3.3560319057531674e-05,0.38973495112994305,0.0002551686285203532,0.0007685796834135906,0.0010760071192085841,0.004373061249846025,0.07057027606525942
4,61,0.024320502485169128,0.01763424544906005,0.0617704450406384,0.015863988768592612,0.0037518570216523695,0.18950416699672154,0.0006392429127859039,0.000634906004279105,1.857102396053134e-06,0.5327410859441878,0.00015420435319879222,6.095887369349259e-05,0.00021279741626020795,0.0004180198821619194,0.15229172174920277
5,61,0.010302108167901046,0.028893650633965467,0.0557360473074505,0.006370990944007227,0.0010009076764796864,0.10478022125255262,0.0008121568693445552,0.00018245675906430358,1.0256961189926652e-07,0.5821586681555203,7.675787930748977e-05,4.109420481103886e-06,3.999925929766428e-05,3.530458310400603e-05,0.20960651852191198
1,62,0.0001403342063654317,0.17023390224956245,0.11284415783786131,0.1769506163353435,0.00020338321709944401,0.0046753597561671615,0.021195227417028208,0.0024698671091061375,0.12897276760072465,0.10825977157631347,0.03126122521555272,0.02462500108972706,0.1271045699801009,0.09048590693359287,0.0005779094754548466
2,62,0.00011604375156222955,0.20551256443691812,0.051290225227337304,0.20275296406168386,0.00012894412954193805,0.007015094794770774,0.03021080831951483,0.0005430883397381512,0.0071447970558064944,0.40090239310957737,0.02521380274048827,0.0038479786179440407,0.0364441706556732,0.020169112866924684,0.008708011892518748
3,62,5.423208560586238e-05,0.21275468740514714,0.023160745557980516,0.11638538932528536,3.981330509480451e-05,0.004970755142234736,0.029088777317013825,0.00010891095699022249,0.00031230680743058684,0.5422075029868314,0.013772679260115618,0.00036686253078815017,0.0065836368979085005,0.0024578542617195815,0.04773584615985349
4,62,2.0556385592404592e-05,0.21310788551987067,0.012450428522299434,0.04984415080830916,1.0465966500202364e-05,0.002853301008909847,0.02491854824236906,2.702317192497198e-05,1.4095171843407147e-05,0.5717166004211697,0.006261363211612858,2.877180436891264e-05,0.0010904413813922081,0.0002368231585972452,0.1174195452252399
5,62,6.7994626872970025e-06,0.21259028789141832,0.007821908421071111,0.01771807149458974,2.5445341518405365e-06,0.0014594953958447573,0.020595165382594288,7.960704661799462e-06,6.462776485354853e-07,0.561487706670754,0.0025796496453783357,1.93653080313365e-06,0.0001690913787368388,1.9508072721516777e-05,0.17553922813693845
1,63,0.020827142554521293,0.10509898454663773,0.23872523516122932,0.03891705205873219,0.03195478870704256,0.00038409199106387206,0.16652498230296686,0.07762440870527029,0.0018457685585126504,0.02514757917697915,0.00010171843083113397,0.04653589427083797,9.896757151516422e-05,0.029251785620528888,0.21696160034333103
2,63,0.011853944437083094,0.12338471809902103,0.11602854343404104,0.025792265954492327,0.024838225779936187,0.0006356512413842041,0.12725741917767897,0.013600674124991463,0.000130728093763732,0.20244737920858488,8.153538171802387e-05,0.004532165862030302,2.8963135270464416e-05,0.0040537015456020035,0.3453340845244021
3,63,0.0042408608561100005,0.12398555944801212,0.05670040573960458,0.009248119753734175,0.007799542072167134,0.0004217481879587826,0.0758463601800546,0.0024382471621040886,5.854845760914255e-06,0.3974404638764783,3.963968133624067e-05,0.0002608722702161941,4.916575963803789e-06,0.0003075307847781984,0.32125987856572086
4,63,0.0014158831444447283,0.13117660655554145,0.033977810960067203,0.0030326228213245127,0.0020261890838578584,0.0002275310122688851,0.05091548874758001,0.000571756507164002,2.6453217899262903e-07,0.4922544342815446,1.6571956916705242e-05,1.4516864776701252e-05,7.789751552079783e-07,2.199808312270423e-05,0.28434754647405636
5,63,0.0004625854151978726,0.1450446328725903,0.023305517336090646,0.0009761736962215234,0.000498217922745803,0.00011560100750044657,0.03830744943481511,0.00015888883304045206,1.2229088440074285e-08,0.5287319693766662,6.664397427402265e-06,8.190833297283527e-07,1.2119158053645493e-07,1.569507023917392e-06,0.26238977769668165
1,64,0.04112133543777149,0.01181019973675818,0.07417186045812157,0.030290258144305873,0.004042269657671072,0.12907313876690202,0.00012574267478503598,0.08798785990710273,0.15439587758507087,0.24348569307171108,0.00157903028419806,5.8964195643733676e-05,0.022846697683820236,7.156800547990966e-05,0.19893950439065816
2,64,0.02210881919697218,0.014579511285319457,0.05231347149507751,0.015715292979561313,0.0017196334900762488,0.10611867245204619,0.00013650447305116583,0.01828370626071544,0.010589448620964583,0.47411491872466727,0.0009036720906155314,5.83978220767294e-06,0.006838955454721906,8.912598244337924e-06,0.2765626410957592
3,64,0.009066087780549332,0.02480806934982796,0.05439901075658111,0.0060312897327723285,0.00047567112088750963,0.060650346093681896,0.00018086470194042837,0.0042411215769286685,0.000579455236983911,0.5612625229209358,0.0004277870216799363,3.489819277812675e-07,0.0012588651302128976,6.748788821965472e-07,0.2766178847162081
4,64,0.0037782044579333894,0.04058876183468198,0.0546292889509972,0.0023854486212256257,0.0001293348242029128,0.034777031048194344,0.00022712468573972766,0.0011798980493274592,3.107131036892741e-05,0.5896472922562043,0.00019244501794765935,2.0403443584868676e-08,0.0002285834288094008,5.1514682222236305e-08,0.2722054435962414
5,64,0.001549728298908435,0.06181868922846501,0.051040311029314424,0.000942937056362291,3.481122582424167e-05,0.01989828864197191,0.0002655389615094471,0.0003374443694112172,1.6179602861516345e-06,0.5955804318799133,8.4190626302425e-05,1.1877749557009594e-09,4.085203251238374e-05,3.9360607941784914e-09,0.26840515356538314
1,65,0.00010400430145829458,0.004431718781137744,0.13345978314833717,0.02841018649358401,0.1063404994064699,0.002435569988869867,0.024254544011652213,8.037304165116102e-05,0.006049417266210133,0.08901165896193997,0.11628835186999137,0.05300748830871611,0.0001045412367854968,0.0926505336665277,0.3433713295166689
2,65,6.382615561328583e-05,0.006851033147516026,0.10600366642233684,0.01658411087361588,0.06016554493442727,0.0027615528832016438,0.025408917442436417,2.5001572309308116e-05,0.0004820260832431819,0.30869780737540314,0.06337032051386071,0.004871913150629586,3.154905413672499e-05,0.011750658662029538,0.3929320717292404
3,65,2.8465888622107355e-05,0.009813900320970148,0.07963090061173021,0.006860574843253437,0.019196337985643616,0.0019031158371968875,0.022490423120983403,6.523924057414781e-06,2.4187517600562018e-05,0.4812130944324476,0.026545758835200734,0.0002760142266388362,5.960466106868773e-06,0.0009106369077093489,0.3510941050818387
4,65,1.2649224555456293e-05,0.014820991108167234,0.06772533972914384,0.0028426704252939167,0.005594694495933418,0.0012039765809289224,0.021391641340717443,1.8801271566137298e-06,1.229112635436726e-06,0.5606126626388133,0.01107882535514641,1.5494458458195738e-05,1.1118544888988434e-06,6.968443600958856e-05,0.3146271491125513
5,65,5.637980902270265e-06,0.022996389713151908,0.06112047597605497,0.0011878355217421583,0.0015878388659768513,0.0007434722478526035,0.02129054202319553,5.710936186405121e-07,6.323017773924378e-08,0.59271212338079,0.004721011143110949,8.831032640980295e-07,2.0820084687477364e-07,5.375544359906285e-06,0.29362757197495537
1,66,0.03735499836981174,0.00016070267489341866,0.002145028421994012,0.004494866665147107,0.1252742128859246,0.03874602615414641,0.38066488710079377,0.09746653358472852,0.06531302391028601,0.0005048152634521862,0.0001228317930743526,0.05180710616622927,0.016028556995174192,0.10213311745548495,0.07778329255885937
2,66,0.03431955430268547,0.0008077422307703157,0.004100019202052716,0.003050531010380859,0.12851167464891025,0.08324180405473637,0.40650049153674744,0.0391580838947927,0.006097678786947986,0.019529155676180923,0.00023856193411770328,0.006349373557337159,0.006960311742619902,0.015124694932423705,0.24601032248929647
3,66,0.01643840927031789,0.0031666801090419155,0.0065759133984623006,0.001073138044208447,0.05960816526053473,0.07730470355095165,0.283685975838957,0.01543213126690292,0.00038611213002399106,0.19721249254762604,0.0002802320927830044,0.00045936127033315173,0.001540907127179751,0.0011809612859116,0.3356548168067658
4,66,0.006162511072895205,0.007117342985407162,0.008697600029271942,0.0003143185356427909,0.0169085314121088,0.0431048701355402,0.18044891964626839,0.006724482891078846,2.042993789523099e-05,0.41994126436382023,0.00015748211938875514,2.6956134911064654e-05,0.0002758378987935612,8.100557277874689e-05,0.31001844726419914
5,66,0.002305051026557071,0.01420186564264216,0.01176767221235816,9.565615554704686e-05,0.004294836757097493,0.021979448525155536,0.1317638805370878,0.0034775448385998024,1.063399074708095e-06,0.5307021677022891,7.110690465438388e-05,1.545182802810531e-06,4.834164865885726e-05,5.598065092018345e-06,0.27928422140238307
1,67,0.14356850370684285,0.1578473157319928,0.003967765463547423,0.00014940411880010315,0.0001493113070648677,0.18574224405328937,0.0336033591366803,0.18466588254318395,0.062434575685233556,0.055319399811529224,0.04291623936364133,0.0468832717235,0.0018300068517961802,9.6097200397858e-05,0.0808266233025001
2,67,0.065202276270606,0.19970593559320177,0.0032029099305971283,7.60903049000604e-05,7.112242944316763e-05,0.1699570787723727,0.04152121367076379,0.03219468941948141,0.004373702673972909,0.25242502739346845,0.028501100848865257,0.005060027652556979,0.00046299717543171374,1.3719590778611089e-05,0.19723210827355994
3,67,0.01894927600307326,0.20866612072194843,0.0022234135937617442,2.2160494323886537e-05,1.7939223959214054e-05,0.0830758294065929,0.03444999888703387,0.005811291825244744,0.00020880378487712456,0.4024327241808482,0.012132291562752756,0.00031940668110663924,6.783849608367328e-05,1.0427768695120041e-06,0.2316218623615241
4,67,0.005346029363662469,0.21124882010713897,0.00162683940292507,6.2758178742558645e-06,4.149726266622013e-06,0.037821738397111365,0.027678824272501876,0.0015510479881505493,9.694272474284843e-06,0.473860400302774,0.004752522767366509,1.882712518056149e-05,9.598958072864059e-06,7.443125634201319e-08,0.23606515706724426
5,67,0.0015187512196503585,0.2142454682042745,0.001246106946927389,1.8079087176262621e-06,9.456529552957084e-07,0.01719731928503469,0.02268041954059237,0.0005127870716595724,4.4810855438263676e-07,0.5053295504939613,0.0018343701580287343,1.094561763988728e-06,1.362608125336062e-06,5.2672979838201115e-09,0.23542956297245643
1,68,0.27204675973390746,0.0001224839403971718,0.09008666003200509,0.00558954626688889,0.00011774298513793311,0.05986435888371105,0.00016089743961558652,0.08107544168060753,0.0008504605238748336,0.2430563900507107,0.0111825916447783,0.04820567030346744,0.1100304870732549,0.024577746056671665,0.053032763384971655
2,68,0.14259250611446048,0.00020795141238518335,0.07257495073495127,0.004081225173151998,5.523962677254057e-05,0.05843054725692074,0.00025878579241723934,0.016036299783918195,7.056834514220828e-05,0.5013732890118727,0.00845432392851421,0.005811788594457984,0.029195976908495135,0.003973424325502628,0.1568831229910374
3,68,0.06066813556121606,0.00034325073369255834,0.06537918955395322,0.001873842793956598,1.644689926676932e-05,0.037266752736625816,0.00035198209846954164,0.003554279665432458,3.951962597441685e-06,0.595738117714541,0.004243129674824633,0.0004018997441402983,0.005594375071923649,0.00035062102278509826,0.22421402476657498
4,68,0.02728629842488656,0.0005954493128290483,0.0662383154197479,0.0008399891894665041,4.738779267388649e-06,0.02322049377423671,0.00047639601168940267,0.0010006219924430652,2.1842691889796895e-07,0.6216906206994387,0.0019770740339980146,2.5028088478363625e-05,0.001078797643857638,2.8893398867810193e-05,0.2555370648038738
5,68,0.012853031354698594,0.0010458750657065142,0.06843103499591797,0.00038337133046464146,1.3772793784799685e-06,0.01475743671693774,0.000631346740426779,0.00030552908374267715,1.1970219675773802e-08,0.630044458114659,0.0009081996507827125,1.5058105593096512e-06,0.0002111197446506436,2.353750093157873e-06,0.27042334839176213
1,69,0.0039193144815768246,0.002808857359544883,0.06095289270809305,0.08477092278793845,0.30589726305535225,0.012759679972333954,0.00017212829710600006,0.00010299666431113049,6.331382542321347e-05,0.039543783517200295,0.13690469233199257,0.07638048275235192,0.026205396059186974,0.06489160791013719,0.1846266682774513
2,69,0.002746817869115435,0.007114001938712978,0.08313507229304005,0.04928221839014786,0.17336813502817477,0.014323238588010097,0.00032673839967801483,4.4882124617962855e-05,5.937280687369934e-06,0.21294733943677113,0.09541561356479877,0.007937458259145267,0.008146710057306548,0.008936556948398738,0.33626927982139493
3,69,0.0012537110924909069,0.012194735646193477,0.07684154715042546,0.02006390948491867,0.057370142134021265,0.010073499054139188,0.0003970681393778863,1.2854639260578511e-05,3.201407849576893e-07,0.4282405753105079,0.04262865408470954,0.00047206074186605394,0.001545154697263139,0.0007075114457780325,0.34819825623826295
4,69,0.0005542709704407435,0.01944792556237273,0.07036660032803076,0.008271467304414084,0.016940655483141515,0.00639336031064022,0.000457205356566244,3.664845845123882e-06,1.6721608357413083e-08,0.5396637087484729,0.01775493277474854,2.6690361847248813e-05,0.00028531207007494,5.4181489997173955e-05,0.3197800076717993
5,69,0.0002461817835264758,0.030617266966774227,0.065174681395353,0.00349638806178541,0.004861459799531559,0.003975826360929203,0.0005279822412132848,1.060954167499498e-06,8.704224598310002e-10,0.584880236509926,0.007523793391465457,1.5191309648257018e-06,5.2976339048309585e-05,4.1848184320117036e-06,0.2986364413764603
1,70,0.12748665076997745,0.00011666081092534665,0.11994603104801034,0.014514218982257465,0.00010425753363563972,0.004889536284870064,0.0479315283222787,0.017053844322216367,5.1219230341186126e-05,0.3952721877585055,0.0016063624483337612,0.053853635461598284,0.07190729932136862,0.1050859336008792,0.04018063410480207
2,70,0.0788360858060166,0.0001750915011287996,0.07736137189099053,0.011660465095950088,4.786411557733058e-05,0.004937618727151927,0.05164702111552033,0.00412450561617284,3.922975940102482e-06,0.5966476403664672,0.0011695954845639797,0.006628777194351808,0.021207599596812877,0.017556827331542985,0.12799561318181263
3,70,0.03698191413039367,0.0002649389115073467,0.058763629352285976,0.005643927473851076,1.4266077036438732e-05,0.00328603618478878,0.04798220142845015,0.0011138782254669093,2.0533560621536803e-07,0.6375497892758752,0.000580868214529224,0.0004707297647210315,0.004303612395183104,0.001612469540398204,0.2014315336899068
4,70,0.017063366674762354,0.00043458633295459596,0.054073690812827875,0.0024770146351692957,4.030138960620991e-06,0.0020410078869258076,0.04631425717363701,0.0003687344215604856,1.083532582796347e-08,0.6360946517880688,0.0002653155540129996,2.9749467584342186e-05,0.0008464232034725637,0.00013388956520158125,0.23985327150953573
5,70,0.007923402936707938,0.0007384284658475398,0.053447371883074614,0.0010614087156399186,1.1311344184092776e-06,0.0012553950185808555,0.04551434964470591,0.00013137569018948608,5.750449533338579e-10,0.6316799526150665,0.00011867420486144273,1.8027123519443851e-06,0.00016547795348132496,1.0771171952053242e-05,0.2579504572780772
1,71,0.12673213759762134,0.1344964847042947,0.23043966568185764,0.0001401894594466254,0.00026340682080943105,0.03680252840167098,0.10076838414465478,0.015950741147530343,0.0008071363261347788,0.04368977920888523,0.017898764539356148,0.05152481940207693,0.032470943183810906,7.504395008467134e-05,0.2079399754317655
2,71,0.06004869165621789,0.13562582398417986,0.10515451311304196,8.396181028555882e-05,0.00016722135869451658,0.04797877384887843,0.07786664513248574,0.003025065173024673,5.5400277056648706e-05,0.22993918030054447,0.011402100665903315,0.004927432469741286,0.008185047536738195,1.0222603548139102e-05,0.3155299200696594
3,71,0.020113189042577036,0.13213437065588687,0.052257848031080474,2.914193592986117e-05,4.970931663366352e-05,0.029513141677275832,0.0500446787672486,0.0005703785078992453,2.5075571500464823e-06,0.40647862974910537,0.005134215805904497,0.0002882276686199139,0.0013263293677111278,7.808200068655693e-07,0.3020568510969706
4,71,0.006528151838138875,0.13950551641629297,0.032169575675700064,9.43643327016108e-06,1.2687501168779227e-05,0.015470389266041846,0.036036353187043846,0.00013625901570250818,1.147962586213789e-07,0.4925210832658388,0.002103935173436139,1.626787623434954e-05,0.00020628939205437604,5.621447065752407e-08,0.2752838839483479
5,71,0.002096004289464395,0.15343174443551316,0.022343473897445655,3.01443161361455e-06,3.0944631255445547e-06,0.007748748358408525,0.028415542589269618,3.7762027913318773e-05,5.343309965857826e-09,0.5267728303863137,0.0008408243654013385,9.246476323817948e-07,3.171696460766906e-05,4.022954665359918e-09,0.2582743097770263
1,72,0.09404945719572634,0.043324058143667285,0.00020759158147405432,0.00011894410851866128,0.046988808277103625,0.005383769763118841,0.027820576126952858,0.00029786671917348523,0.07049148721410298,0.27346991342644017,0.011602205276102295,0.1741028007463732,0.0020907737429240714,0.0672139834032703,0.18283776427505186
2,72,0.04693108177926354,0.08870007597190559,0.00042379774417730583,5.912977586510471e-05,0.01935164948541566,0.004303618854921645,0.03859959875643382,0.00032693922204779676,0.005824742182337547,0.5111410203706125,0.006838236485660663,0.016658096328834714,0.000593071237516794,0.00817942305606084,0.25206951874894656
3,72,0.014686611973344603,0.13435435171400475,0.0005633789636547461,1.7819799037883195e-05,0.00456964075297357,0.00204175620866805,0.04125944193601006,0.00019068241521505124,0.0003045006701075852,0.5497526902742182,0.002774988312023269,0.0009717704729025726,9.24006657755338e-05,0.0005741496527984942,0.24784581618926546
4,72,0.0044139194821924445,0.1671542897814593,0.0005731424192517779,5.235421027680209e-06,0.0010380050260199436,0.0009348331391372224,0.037521067907614454,9.30051700162818e-05,1.4825267296861294e-05,0.5470566192687962,0.001077506336789252,5.5802343507968386e-05,1.3761628765609876e-05,3.9889511854541916e-05,0.24000809729627043
5,72,0.001303587914059746,0.18848987818074256,0.0005134099845412847,1.5399540756607086e-06,0.00023504611892225655,0.0004277059027799368,0.03216504386030852,4.091501229124458e-05,7.009694676826642e-07,0.5406320058163782,0.0004152340571132503,3.216794659736953e-06,2.015403010162277e-06,2.7938345858891333e-06,0.2357669061970639
1,73,0.023793331676917318,0.00018840067456557947,0.05234562301969895,0.12127967216539216,0.04211417427161807,0.00021281448841224774,0.14489043762090953,0.003275440415928617,5.2861383829244404e-05,0.05445560748344129,0.1371053287463467,0.07515587504939501,0.2388256513216551,0.10196178225591279,0.004342999425977445
2,73,0.02453142082566849,0.0005460951856282049,0.05075837512003516,0.12569381442658295,0.027883005991347794,0.000340153611880669,0.2012696031554154,0.0012648478563253211,3.9867152064218705e-06,0.3034675033513118,0.12028223735572559,0.010772347009996205,0.0720732969864122,0.019302857431205182,0.0418104549772587
3,73,0.014657673084411843,0.0009838317180042842,0.037378011206488586,0.06640740697255278,0.009477953017488114,0.00026305166644414524,0.15924539098367954,0.0004652850523586697,2.086772786503522e-07,0.5052338559246657,0.06044921418222438,0.0009432631278297563,0.016238095506175453,0.0020504294537095078,0.12620632942668844
4,73,0.007204317957228446,0.0016821884680912084,0.032856441574153204,0.027928371745973672,0.0027175559298159356,0.00016426749209153988,0.1195196081719778,0.00020678406714874208,1.0842552486074788e-08,0.5813239402636264,0.025976218229417217,6.66806653473458e-05,0.003344381004679466,0.00018008309793351228,0.19682915048996297
5,73,0.003304684361415421,0.0029605999206363536,0.03350622899473171,0.010964983546854963,0.0007412858522155398,9.65235580906388e-05,0.096810866093492,9.81526339733564e-05,5.683120289609448e-10,0.6057952990046014,0.01095622287342195,4.238961272323607e-06,0.0006563757042963093,1.4526114788004464e-05,0.23409001181189798
1,74,0.00018078925617457924,0.051920555658199814,0.0031722587238752964,0.12348486991091223,0.18561191722616988,0.006900191922060826,0.00024013840498435525,0.0194846720412192,0.06201262137854823,0.05694072009138694,0.1493521648430591,0.17018714953754804,0.050559768640937426,0.11954604363822625,0.0004061387266977985
2,74,0.00021979760575817838,0.15098874535929158,0.0050487842165077065,0.13592161312365858,0.11469701193774973,0.010447558502411943,0.0008045448301973565,0.0068838078798944295,0.004354886576688919,0.3365185747120014,0.15605425766943815,0.026379784060052303,0.01796973788100029,0.025619690689210037,0.008091204956139164
3,74,0.00011806046569035835,0.2134018977735801,0.004040261534867698,0.07921081415988411,0.03565664145041304,0.007536368773954939,0.0012672450768981879,0.0017477123731689233,0.00020403016284477836,0.5143305225429968,0.07761450418005032,0.0026605694085569897,0.003345046033624108,0.0030424571254842507,0.0558238689379853
4,74,4.433240695026597e-05,0.231456193778632,0.002876248315145099,0.03251949934445375,0.009243967943863332,0.004213080863114571,0.0013579200630669266,0.0005054897026546832,9.535336991075081e-06,0.5521408326537134,0.030832186179384026,0.00020786322090462077,0.0005398617183943198,0.00028254424732722643,0.13377044422540466
5,74,1.4061134242162631e-05,0.23408509283150078,0.0021266161799915486,0.011046283996108318,0.0022105025013925126,0.002091905999363341,0.0012796436916245484,0.0001638397741501541,4.4478766974395276e-07,0.5466630016456417,0.011675309738914652,1.3720811914726258e-05,8.083584051490802e-05,2.2590955615095873e-05,0.18852615011135573
1,75,0.08263385675214202,0.0001221923544543577,0.030964387301372433,9.308847932470592e-05,0.1400585104986378,0.004161720120539871,0.04822851533042576,0.095754653275008,0.012013810746161962,0.14729894958896303,0.001577593973797595,0.00632880199779964,0.11144707245602219,6.59687322963621e-05,0.3192508783930544
2,75,0.04042972936550511,0.0002561699072669377,0.04157606605039613,4.422469860156126e-05,0.06249809160308217,0.0034694267849965828,0.06314005060704546,0.023799476998369526,0.0011228731924320218,0.3929331278487312,0.0011556495883413183,0.0006007809549298859,0.029508435385569534,7.75368120388033e-06,0.3394581433335287
3,75,0.016299715862030616,0.00045857886292779184,0.044939731134816745,1.6189004216092455e-05,0.017727060024847256,0.002056372685264045,0.06180435184649141,0.006053054680400982,6.053361122226016e-05,0.5359671412716169,0.0005575607478770681,3.458980835462206e-05,0.005350579031857255,5.641334913621364e-07,0.3086739772945856
4,75,0.0069942984129070405,0.000797300120063047,0.04727292787202517,6.236677130263351e-06,0.004871618483953398,0.001207818638861505,0.05841940158795749,0.001983097567424849,3.1939085686510445e-06,0.5896841004733286,0.00024869263653550465,1.9817134172890173e-06,0.0009965914928770534,4.206277509083409e-08,0.2875126983521749
5,75,0.0031325830453069726,0.0013802677578361312,0.04907360517931631,2.5031839281004003e-06,0.0013450782307228017,0.00072132605244639,0.05533619794447788,0.0007172501659755555,1.686564902241407e-07,0.6102052171773662,0.00010962200230559943,1.1506208265919398e-07,0.00018992616516729305,3.222536318433411e-09,0.27778613615404163
1,76,0.09790390989071399,0.04578714313279854,0.24122296747634764,0.002811399513637338,0.1856256283400959,0.01987068920907855,0.0001466001677009711,6.509841312964626e-05,0.04597972174579763,0.05250581566678252,0.13277952589291003,0.07941863742642727,0.00010722819970390719,0.0034595034926969224,0.09231613143217904
2,76,0.06378096170627565,0.05784171171703707,0.12488010549798184,0.0021301282446715233,0.11336794007720259,0.026739238666080387,0.00017175990678762872,1.4223641021432701e-05,0.0030799054016549506,0.24219694137731163,0.08127023507529597,0.009029043075539903,3.242205233186883e-05,0.0005434883361779123,0.2749218952246296
3,76,0.025385004904228896,0.06912697699199077,0.07488920587853243,0.0008585997970268656,0.03593281421239982,0.01806956900223474,0.00015575738827286627,2.944978818110812e-06,0.00014749422419215626,0.42922651091322117,0.034303691567857786,0.0005562238948090627,5.75983322329028e-06,4.4122372335192045e-05,0.3112953240408569
4,76,0.009559918682501724,0.08713601739357657,0.05440108861840497,0.00032093657148948667,0.00991511652615662,0.010508822887048543,0.00014988712574463673,7.095393508407062e-07,7.165877988405876e-06,0.5200107336029847,0.013766030273449149,3.177449279948752e-05,9.717689287730619e-07,3.3101441198862666e-06,0.2941875164954564
5,76,0.0034971651034798584,0.11043938356127979,0.04235792138555067,0.00011665412498830323,0.002598803225306795,0.005790363325864825,0.00014864665109375215,1.850226300090876e-07,3.4979093476527813e-07,0.553305915677713,0.005550171772690743,1.8062555969206582e-06,1.607599077596941e-07,2.445673776226344e-07,0.27619222877558525
1,77,0.1294612363411507,0.013197172298756504,0.046453364301941656,0.28813249274701663,0.004001602594320809,0.17157892167526145,0.03641245198090683,8.615645378517048e-05,0.06427482611684576,0.06808044194744582,0.00011420054839290674,0.04515959608531268,0.0001139774517882008,0.0010664799029076548,0.13186707955416724
2,77,0.0663460806926704,0.024012828666693225,0.04675593039338338,0.13180403834784976,0.0018512508887843923,0.14528339135099835,0.04443054877271761,2.858269792046352e-05,0.005109276760482855,0.29925863556029564,9.819015050244141e-05,0.004732153434265476,3.4157705457497335e-05,0.00013658420437436948,0.23011835037360429
3,77,0.02455535170082359,0.03840787026121619,0.04186406979404958,0.043855543779127454,0.0005065274425148755,0.07876973286081318,0.04286552098014849,8.444718081168186e-06,0.00028012167575417005,0.47281991877205437,5.215871201435447e-05,0.0003015712969621247,6.145139931673443e-06,1.0613962651867886e-05,0.2556964089038568
4,77,0.009084904126566878,0.05704357944938422,0.03744629763150614,0.014932277367918339,0.00012984024036079124,0.04120866615628873,0.03981267143119081,2.6753932293630863e-06,1.457383934077935e-05,0.5433358034013248,2.351389716416334e-05,1.797202853507994e-05,1.0601379798665548e-06,7.924915980688921e-07,0.25694537240761195
5,77,0.0033460630232082047,0.08023537372051662,0.03279785924366628,0.00516432760062843,3.2763504875899725e-05,0.021544598920462024,0.036313742732776655,8.608865232519756e-07,7.362571706660124e-07,0.5661576663259394,1.0029344964588665e-05,1.0530517682779275e-06,1.7969022652902373e-07,5.8651390696880924e-08,0.25439468704588253
1,78,0.003404207223019113,0.16470114607164027,0.01243701310353761,0.174146826337611,0.028765015472928902,0.11597769493743099,0.0001861259326239817,0.08248461371350546,4.9354304255205335e-05,0.10019987482314296,0.09197252455840084,0.011843119320757668,0.2120649663501126,0.0014303897918763844,0.00033712805915696775
2,78,0.0022442829960383276,0.24114840797069595,0.009150454214387045,0.14846766907840975,0.013967695010311088,0.11806682779978854,0.0003552592036285727,0.015032528976132999,3.2575093652191784e-06,0.326549908837213,0.07045005379224993,0.0018059476241306363,0.04781841191783201,0.0003007597109375658,0.004638535358879518
3,78,0.0010126031830375432,0.2599414197000678,0.005110861185725414,0.08378552775446209,0.004173908372407326,0.07760345391076331,0.000440707355123697,0.00274357119673655,1.4528673134939074e-07,0.48591942106105684,0.036784930718128855,0.0001817244577142891,0.008002295807805182,3.86583782978827e-05,0.034260771631942
4,78,0.00037071566008455,0.2555577097453634,0.0030284624907149105,0.035795467491967714,0.0010784923332368655,0.042922719959491096,0.0004417284211807811,0.000662654790216399,6.573153121805137e-09,0.5403614903545274,0.016149340315591135,1.4980910685796771e-05,0.0012588414363536307,3.879131006732408e-06,0.10235351038642644
5,78,0.0001179271199948473,0.24656512138135464,0.002026609471956197,0.012529666137469246,0.00025837115827382473,0.02133632872079772,0.00040467849182157197,0.00019676037153671769,3.0240483819577196e-10,0.5437442014606756,0.006509006232914429,1.0361013616840419e-06,0.0001881182041336715,3.252340414507433e-07,0.16612184961126356
1,79,0.08062211553933978,0.012414860464102107,0.1288649678238777,0.00010481397981365388,0.17645433121530507,0.041075793096774504,0.02460217443026537,0.09495537796258259,0.021997155877054173,0.004991979071669817,0.00010239285947997809,0.05475128947799521,0.00010505662882908833,0.002514284925610799,0.3564434066473003
2,79,0.04443814965890882,0.02279837281697421,0.11729144070725464,5.927929808138626e-05,0.15297295563963953,0.06894153331197309,0.032050076225166924,0.021197161804851608,0.0018392554595150607,0.08739547325055387,0.0001115159502730275,0.005382116253645202,3.3284806272460236e-05,0.0003224483205436621,0.44516693649634653
3,79,0.017233787767002847,0.03439709072555978,0.08533648930534954,2.134281720520098e-05,0.05596523142766111,0.05234229432407758,0.028807077432422848,0.004119664073377964,9.098355462783767e-05,0.3215397331884073,7.290139676630362e-05,0.00030462663949910233,6.0493636891366086e-06,2.3465278136535945e-05,0.3997392627062169
4,79,0.006450952855806581,0.046580420101172,0.0629925071476618,7.490121521735353e-06,0.015795558644679346,0.03072931485854691,0.024526319403822085,0.0009627112782366054,4.423714739521695e-06,0.4796075881416605,3.4577071457539414e-05,1.6534356106435767e-05,1.034043841198428e-06,1.6707874167730699e-06,0.3322888974733309
5,79,0.0024608118186971273,0.06363862994697163,0.050442146289801586,2.712217014679973e-06,0.0042142163178016,0.017212797787076083,0.022135179325194466,0.00025863080142985535,2.186516637023662e-07,0.5458464165913013,1.5051207790541421e-05,9.209918491873585e-07,1.7747872079723306e-07,1.2187475456002227e-07,0.29377196869993266
1,80,0.00011868390582048351,0.1615445374063593,0.2240729448429354,0.022813070512748647,0.16133908344713618,0.00017473501263088017,0.00015134278905230746,0.07580704942097562,0.012384178608575259,0.15942743737648116,0.0976452823518616,0.0010562596636562362,0.019407938805533986,0.04334239361795521,0.02071506223827785
2,80,8.462736213553017e-05,0.18253620375576515,0.0940085993256357,0.02247019889772088,0.08546048614287739,0.000220300668632234,0.00017884456883189538,0.01242127022855051,0.0007730239584364306,0.3941475100872104,0.06305687946821342,0.00014760661498762468,0.005593972585166205,0.008319005038594724,0.13058147129724199
3,80,3.3353824924870265e-05,0.17703983772743997,0.04543363602757431,0.009703753469666808,0.024849103207246925,0.00014024146644746736,0.00014714393881425856,0.0022049183371863124,3.49144240732087e-05,0.4999770667951872,0.025855782738216593,1.0383191614096626e-05,0.0009589697334611014,0.0007456781708467691,0.2128652169473002
4,80,1.1300525900821111e-05,0.18122191724241246,0.0278401708383864,0.003439768501299935,0.006342095110892037,7.520812278185765e-05,0.00012593365839050615,0.0005052716639382802,1.6054380993980616e-06,0.5314811858302779,0.009986081085202684,6.318043216387568e-07,0.00015020873745093691,5.7488162332704756e-05,0.2387611332783123
5,80,3.5963614153011667e-06,0.19069750016453813,0.019177598526567387,0.0011331643932600672,0.0015433353509127082,3.787952930805008e-05,0.00011236673535311466,0.0001338265837179109,7.467413922257328e-08,0.539703899693248,0.0038646358788908325,3.696500110190813e-08,2.2720583788045736e-05,4.226197638546023e-06,0.24356513836222174
1,81,0.00013143638732112276,0.006441204470434748,0.025847003002255745,0.014568578106355963,0.15002442459766777,0.05751425056790905,0.1413148733699211,0.09132583265821272,5.0988783349620495e-05,0.062291084785537625,0.2930708326549869,0.0475299623557769,0.002095527211793816,0.10749139608993409,0.0003026049585429805
2,81,0.000148663654652425,0.019444631321515148,0.02760958157978962,0.016244823817023715,0.08831544342314754,0.08024599941230767,0.21743340771609768,0.025781439872576622,3.6624767101422385e-06,0.27818801449955827,0.21192534644550304,0.007160614722873795,0.0008125448489872275,0.02206424153602919,0.004621584673228074
3,81,0.0001032752313430861,0.03748724364445942,0.020348785881302123,0.01071458328704388,0.030439100798809213,0.06483174613761485,0.1989265269066976,0.0070474796176037595,1.7287058193634971e-07,0.48511151703347155,0.107519933110229,0.0007160756223296544,0.00019581000150268603,0.002721333801449194,0.033836416055562174
4,81,5.400447782808122e-05,0.05907532510830217,0.015049924206871904,0.005117113645343136,0.00870258531414728,0.041133917288381706,0.1497939957030919,0.0025339759830092243,8.208585671698041e-09,0.5683163930699087,0.0471133248254875,5.966408464350017e-05,4.061488243075908e-05,0.00027039626324716035,0.10273875693872128
5,81,2.2496460226878206e-05,0.0836173231920657,0.012042641800630702,0.001956566869065731,0.002236641281326022,0.02248425986208181,0.10876450145064748,0.0010596625109571846,3.956989282657011e-10,0.5799147908621447,0.019188658115948724,4.186838515480866e-06,7.429872741538756e-06,2.2822975680984484e-05,0.1686780175122683
1,82,0.001720600912701908,0.14700716112071946,0.10816515573317768,0.0552078720298123,0.00017598886448857152,0.008395753972509776,0.03433812863271886,0.0778557855428902,0.03966757928056959,0.09001088022496714,0.25464644695996075,5.707313591374495e-05,0.010636369359947682,7.319292883085086e-05,0.17204201130079155
2,82,0.000949140137460092,0.15231169331670938,0.05934382741311889,0.03358168262630594,9.847751169173949e-05,0.009628145851248309,0.03223488246661529,0.01411640571945911,0.002621270444704398,0.29363263410993956,0.10992250030284352,5.721373098036625e-06,0.0028207019158965167,9.660243387685488e-06,0.2887232565675215
3,82,0.0003338561586984797,0.1557989747555308,0.03497754170550692,0.01184689756287491,2.8548932980697638e-05,0.005770365515625967,0.024775782534289165,0.0027562134649525023,0.00012113847503148556,0.43494688461110526,0.03905401300189193,3.4139062365804883e-07,0.0004580928004370584,7.366782544852806e-07,0.2891306124121968
4,82,0.00010791771932481246,0.1655364568291725,0.023479045940947924,0.0038256645824596637,7.213215424501297e-06,0.0029928970992772743,0.01987475700314645,0.0006809718254162448,5.602961249893077e-06,0.49924156661469743,0.014330698159814938,1.9429727174345266e-08,7.005668931927701e-05,5.296141374325116e-08,0.26984707896860827
5,82,3.374364105559404e-05,0.17781855096944713,0.016804142700778353,0.0012044233861262695,1.740657706685985e-06,0.0014796068054455367,0.016593349801590683,0.0001920269151594969,2.606986492550009e-07,0.5248688820354532,0.0054348409299684285,1.1065787199068357e-09,1.05182052256772e-05,3.775164743791435e-09,0.25555790837165043
1,83,0.00010964934603746965,0.00016460574663617787,0.002539556772905795,0.1514598392372967,0.08571863809498485,0.0945148414727898,0.038688331002260705,0.08986712981558041,0.002004724075196625,0.20326803334504973,0.26872526082333975,0.015885601312895802,0.03893937505940446,0.0078564129961426,0.00025800089947920323
2,83,0.00010631630124838742,0.0005262570635325092,0.004452488034739103,0.12325958017632818,0.03911270797802231,0.08958582001629915,0.0914548232915112,0.027850995213174842,0.00016428057033538018,0.43323576074281683,0.16982744134631345,0.0025737302736762585,0.01344576505161423,0.001361534525473741,0.003042499414914492
3,83,7.927869404241578e-05,0.0014314749018903522,0.006207097459776491,0.07408282991650851,0.012766190993108382,0.06503672345065022,0.12671386997506756,0.010015135256953016,8.608214723683429e-06,0.5875565567663771,0.08832188819831907,0.0002745731875843117,0.0033249514011899324,0.00015704312814749014,0.02402377845566146
4,83,4.8371880891781856e-05,0.003477626742418957,0.008450864697888404,0.03642721760045137,0.0037353360080042298,0.04191396646484997,0.13027125464079634,0.0050024087885042635,4.4864157594089804e-07,0.6433862540047715,0.04131048619979726,2.4198276924449444e-05,0.0007559649509609928,1.563666121705019e-05,0.08517996444094748
5,83,2.435331510204483e-05,0.007675896557528275,0.01172669474569734,0.014975294956585967,0.001013561717128597,0.02439578615758834,0.11820155566338864,0.002963900617852179,2.3873892999451233e-08,0.643733517290353,0.018014738631426355,1.7810300692487267e-06,0.00015673461916244254,1.3544296313060503e-06,0.1571148063945934
1,84,0.00010468807123709691,0.02932155805698954,0.11039294132040138,0.10771893452221826,0.1260610661864541,0.3441095837751482,0.0045203012296328735,0.013197548554231785,0.06215427180840366,0.13612079478279793,0.037563256317206264,0.0009684985738772469,0.00010726350939791243,7.701407300359002e-05,0.027582279219000076
2,84,6.721150933234733e-05,0.04400814280155848,0.06925218585767756,0.06331799012961574,0.050264332412176115,0.27168612617159255,0.00558788920068839,0.003114901353844072,0.004266640997926506,0.3489892268664782,0.02697381110525913,0.0001240992317143389,3.258606810716148e-05,1.1788623784906464e-05,0.11230306767024464
3,84,2.8210849376444544e-05,0.06418593514070153,0.05015892248696706,0.02413275549028182,0.013565632341893457,0.14900298547101318,0.006004302053488951,0.0007558051478633663,0.00022510985779950382,0.4877410470848122,0.013552748744909656,9.06914773849693e-06,6.073201144015307e-06,1.0332138022573195e-06,0.19063036976820827
4,84,1.0670274308077014e-05,0.08877278294348724,0.04030978372780325,0.008605578397578193,0.0034558612667538093,0.0775063383724337,0.006280992229868159,0.00020403020744554453,1.1617027713471706e-05,0.5409862579714567,0.0059665818104349625,5.758452544802621e-07,1.0438942812122944e-06,8.132781226591329e-08,0.2278878047033689
5,84,3.819745679455697e-06,0.11594523272127882,0.032812505025272096,0.0029863013803328197,0.0008620255453339133,0.03978418981493382,0.006341426227448067,5.728234015458486e-05,5.824399101246579e-07,0.5571391661983821,0.0025045606909730195,3.4583162362190367e-08,1.7204457012706543e-07,6.127216236658327e-09,0.24156269511535236
1,85,0.14047650987063148,0.00012276101160103042,0.12224412292573149,0.04003742513071151,0.10118540177766866,0.1492626000676337,0.05406072623494982,0.012756508776364873,0.0017240305017071518,0.0044398399483255935,0.2661327363386456,0.07224483815587834,9.860880831147362e-05,8.998710336757781e-05,0.0351239033484716
2,85,0.09989690546337796,0.00023324776523342598,0.09285192379976841,0.030659628268434075,0.07163744650833774,0.2249602066021674,0.07740101390154822,0.0032727195448141034,0.0001246978002735093,0.046165850078124564,0.16753029652428966,0.008938021663131289,3.028123750091628e-05,1.513510988758239e-05,0.1762826257331113
3,85,0.045164421741897415,0.00039321965519285835,0.07060871925344227,0.012212860912710219,0.02830042931491164,0.18148798183730652,0.07360290804207066,0.0008418617258308859,6.719500785744927e-06,0.21105931267435923,0.08441631198426086,0.0006384654314294213,6.076083434141076e-06,1.3498623015112057e-06,0.2912593619800666
4,85,0.017828863188525883,0.0006125321309485326,0.057431093618690046,0.004198530235886041,0.00834658673144505,0.10759753207589412,0.06216211232475322,0.0002478660564758027,3.5478322718567556e-07,0.40113050308646475,0.036700433542793745,3.8999459405997995e-05,1.1033235485849639e-06,1.0398992249478726e-07,0.3037033854520186
5,85,0.007216445949139516,0.0009818486084875585,0.052236399326369046,0.0014962730238544724,0.002276400514749225,0.060384127169029383,0.05486811863163475,8.256374811219809e-05,1.8750043212809894e-08,0.5149658821291506,0.01548387374819677,2.2877472990829066e-06,2.000994433881353e-07,7.844029853677181e-09,0.290005552710461
1,86,0.08537155379169882,0.004338847327991652,0.11330597924321047,0.03866122396029499,0.0019587947115826954,0.21602709744571946,0.054927530631475985,0.006915356248619526,4.498562443770407e-05,0.04849771773084378,0.2515505475588206,6.154568489755327e-05,0.10144437892640902,0.07653856848133386,0.0003558726326639873
2,86,0.07038083772185029,0.00833207583789351,0.0754646750970675,0.042417632541494464,0.0011624325798380271,0.27455354965572204,0.08871125275076623,0.0017677624507026375,2.970785919498387e-06,0.22005169124675492,0.16468175327938372,1.0118454111360427e-05,0.029500813262334717,0.016892652169161984,0.006069782166999115
3,86,0.04101807810784831,0.014103402870462703,0.048132552092828906,0.02610152191321065,0.00038957053659782693,0.20199544290913915,0.09725101175512967,0.00047171428600823866,1.4871348727275806e-07,0.4305560354223418,0.08834362940654282,1.0740596202053634e-06,0.006504561703310452,0.0021656389084755453,0.042965617314996464
4,86,0.019694733225730798,0.02234218520371724,0.035450942214474895,0.011766956877413276,0.00010900264816525314,0.11996049648925333,0.08789818138635484,0.00015925514159230222,7.642943305680636e-09,0.541835852975131,0.04048103234374407,9.046571070405199e-08,0.0013129996026106695,0.00021562027847791287,0.11877264350468038
5,86,0.00839388029508506,0.03496037221278754,0.03055467997118332,0.004544077002769915,2.846358719742869e-05,0.06548346901445085,0.07585359187761737,6.133529546947905e-05,3.9687453449934835e-10,0.5780533886587992,0.01725962280575925,6.340118120158397e-09,0.00024693903340472625,1.8356323472285854e-05,0.18454181718501098
1,87,0.2547415109930128,0.007173753642253623,0.00029372962410581115,0.12568760062000164,0.14082530542031058,0.11124626169286556,0.05116783021492352,0.0023605728623791317,0.011979525799022329,0.0004077496472535122,0.05438968605292321,5.7087560377705004e-05,0.010935990868695747,0.05665820200160315,0.1720751930002717
2,87,0.12191503384269423,0.03422432119881547,0.0012671054447331474,0.05841938743545147,0.10862615758023744,0.15108559160337742,0.12372270121686614,0.0021092807217927543,0.0012994020316527933,0.012368440986866278,0.06530123084978962,6.072729722755213e-06,0.0031765784647245564,0.007345342246741809,0.3091333536465341
3,87,0.04329446095112915,0.08720540442017764,0.0021812310831844455,0.01763215282921801,0.04829215616616828,0.1275488177234633,0.1372670916524998,0.0011721801224490584,7.492311144790626e-05,0.13944388565491425,0.04476100355272445,3.7505553682023127e-07,0.0005552858888569174,0.0005412018343388112,0.35002982995389137
4,87,0.01315048557711054,0.12824297960409484,0.0021859307716689457,0.004679168134584614,0.013221375278476399,0.06666889690809613,0.10379084444185625,0.0005335645872353312,3.698830399053292e-06,0.33782582898860813,0.020201605174897178,2.0955917705870032e-08,8.424378013854583e-05,3.6340777989071766e-05,0.3093750161889274
5,87,0.0038462794684439475,0.15373742912102725,0.0018738715915777738,0.0012679638796425927,0.0031260516588994865,0.030788746745288715,0.07489863344025591,0.00023297932842215993,1.7440709424570962e-07,0.4514342667632778,0.007970622274660263,1.1655939200804526e-09,1.2354413860978478e-05,2.4449134856592226e-06,0.2708081808284694
1,88,0.029270293571178174,0.3266856589820238,0.10693263551328475,0.00032797764551955173,0.01602109712275171,0.045669661902890915,0.00016846302601094618,0.07312478598752488,0.041166626785250446,0.19675354500697537,0.13305769431774722,0.023624533386735574,0.003408316566244818,0.002623525370230776,0.0011651848156312553
2,88,0.018863441806841845,0.30493192780215594,0.04321556894274303,0.0004809573714380487,0.008795330105559197,0.06129788218255994,0.00023281340103424285,0.01125129608618212,0.0023130416179901283,0.44321501297334936,0.0775898113516633,0.0035509781876124176,0.0008697241446702541,0.0007575260493023717,0.022634687976897848
3,88,0.007647862893382689,0.26715432217836194,0.018754485922133288,0.0002654584798944952,0.002588881013820168,0.04106888734050513,0.00021947170182699103,0.0019685241612320305,9.902663868946575e-05,0.53262506620106,0.033120827920747296,0.0003178877376673177,0.00014354168454601432,8.844796597214807e-05,0.09393730816016106
4,88,0.0025419832666427247,0.24371074529807035,0.010355372810891756,0.00010125232285137386,0.0006491612339079087,0.021843583703214188,0.00018911280149422455,0.00047416094729461173,4.439148477710257e-06,0.5423057980040767,0.012942122158294536,2.2543175249415678e-05,2.187222961875085e-05,7.746156207957754e-06,0.16483010674370766
5,88,0.0007747798891411851,0.2336137662189667,0.006802283705145799,3.33619914034551e-05,0.00015378428061603173,0.010671099070988874,0.0001649122260165446,0.00013697888219811174,2.0315861194407668e-07,0.5377625290287862,0.004981663628070422,1.4206272120422424e-06,3.208600763096372e-06,6.005125311293014e-07,0.20489940817954874
1,89,0.00010874746438537874,0.15003244222759088,0.20834142985463072,0.22096433344575628,0.04558607913264948,0.017589054187742207,0.026428784334336312,0.07266641584458171,0.03752703430686139,0.17946100358693548,0.00010546995462835583,6.071072894813527e-05,0.024881651809419873,0.0015069960438313377,0.014739847077702265
2,89,6.821414944035662e-05,0.15959810668035018,0.08016377957656372,0.17640444686135043,0.0217614477769131,0.01880828463656566,0.026137789008023205,0.011596571656820386,0.0023065037344282275,0.41596970075110457,8.343342662166067e-05,8.007609987579033e-06,0.007053654946446714,0.00027010141348682407,0.07976995777189753
3,89,2.7127779371949037e-05,0.16317001208201454,0.03824562719868505,0.0745206858269698,0.00614574571681076,0.011452044480791871,0.02081760831804939,0.0021200814515755623,0.00010704238784838154,0.5247948803174264,4.2982329180696606e-05,6.060884202615528e-07,0.0012564962927232874,2.536072306050127e-05,0.15727369900707142
4,89,9.376028572973475e-06,0.17194400922887856,0.023207142326158996,0.026526343892451516,0.0015469059375688627,0.0060368933419454335,0.017082442162348596,0.0005057776543377341,4.998330188020803e-06,0.5491243465589389,1.860111121153783e-05,3.916598220112194e-08,0.00020276281332340108,2.034439723040472e-06,0.20378832700837002
5,89,3.019889320293001e-06,0.18326851707184946,0.015916925351813837,0.008753517927410906,0.00037266881197278636,0.0030081547392112004,0.014478039647909462,0.00014109130031527241,2.3366936128727023e-07,0.5493084306053196,7.545028388261168e-06,2.3684355626580872e-09,3.117159945949375e-05,1.52744589546172e-07,0.22471052924464296
1,90,0.038210561146135975,0.024817925352973128,0.11985056643685328,0.34702488606555704,0.026373393159640275,0.00028677452870899916,0.00015281238827595766,0.0830581927271344,0.0018199126631725966,0.019801915737618372,0.08608324223777428,0.014181274829422736,0.00010340833074961927,0.05442537554637094,0.18380975884961245
2,90,0.023599226572721378,0.043097957748175285,0.09496408103649039,0.20408461565868022,0.02094462063389161,0.0004417379610971009,0.00022665146265662947,0.01731444733567728,0.0001447671208328999,0.20225314905511488,0.062247509627159504,0.0014642387198320638,3.241982530608107e-05,0.007248291031151317,0.3219362862112133
3,90,0.009632717972108653,0.05946986580004922,0.06826691312649141,0.07807633395231992,0.007034789220768989,0.0003065935979994621,0.00023236945976979473,0.003471672756507814,7.414240998620046e-06,0.4185352944432157,0.028476259508548107,8.9009758646692e-05,6.014861387784175e-06,0.0005675845887228349,0.32582716671246487
4,90,0.003703172070989642,0.0796501640227098,0.05339554727561877,0.0288759710147439,0.0019714446732223578,0.00017988750870666026,0.00023540906587861887,0.0008341702763163119,3.6969604573710536e-07,0.5211066811629953,0.011765750914337583,5.067551510654376e-06,1.037038445942226e-06,4.218032224022487e-05,0.2982331474062385
5,90,0.0013800342959607815,0.10424178069877241,0.04304404010898521,0.010556063869570392,0.0005214986052236569,0.00010008752254148071,0.00023950212788242345,0.0002186910447657646,1.8264770583019185e-08,0.5570974476395436,0.00481011927365111,2.8804007174147647e-07,1.7406902570439393e-07,3.1163770668308724e-06,0.2777871380621684
1,91,0.00344480974515263,0.15333635987120173,0.00011913373767824706,0.12545517169746762,0.0021494995155374,0.01697028207602948,0.10415633277890111,0.0001064838928613415,0.06754478790173732,0.09475724600982958,0.07445760060465009,5.417514696912314e-05,0.019183745659851606,0.024258344903698544,0.3140060264584343
2,91,0.001470982199296447,0.18274494758538753,0.00011255660271298774,0.04950255001838389,0.000952243746258575,0.013717588363632254,0.08690338431754928,5.1021787960314196e-05,0.0047582386360681414,0.3053942621262336,0.03528036926478248,4.723202899859358e-06,0.004594100494379813,0.002654381290803221,0.3118586503636516
3,91,0.000428185582557475,0.19336663175156546,8.682710551723376e-05,0.013777331604402011,0.00023610650429245654,0.00669990273036446,0.061931143412297725,1.9674797859897838e-05,0.0002194716284683283,0.43420884028913326,0.013320702350957574,2.6575634858459647e-07,0.0006694693343190143,0.0001826713504995182,0.27485277580141704
4,91,0.0001223361366994334,0.19954267306415455,6.743139756501429e-05,0.0038871524989622327,5.4574768864242465e-05,0.00309117501832748,0.046031570693260436,7.875230556889235e-06,1.0026239462605722e-05,0.4896695707177939,0.005000793580714716,1.49769071950946e-08,9.571685815673671e-05,1.2573410233540092e-05,0.25240651540834097
5,91,3.508463986462449e-05,0.2052330284974309,5.32525543787388e-05,0.0011198666758381452,1.2439511292505083e-05,0.001416439049939764,0.03583839721452274,3.172467600855765e-06,4.597378661581483e-07,0.5128474863272334,0.0018975857397817244,8.552259255786573e-10,1.3706169331552424e-05,8.765687993346309e-07,0.24152820399089361
1,92,0.0254604417901104,0.024869658726301598,0.00013488137628823625,0.0037644715913987747,0.07431773438044072,0.148581924998642,0.09840218346951464,0.00013022535879664475,0.06667716961471565,0.3773323548813554,8.90190169542648e-05,0.006511474939571708,0.10996098459574521,0.0011535313574381858,0.06261394390272637
2,92,0.01345710426441705,0.047835913262488906,0.00019959172692772382,0.0018782984668885233,0.026196539259220684,0.09991510494029958,0.09790398125752547,0.0001329897178030468,0.005053655934295449,0.540677039403089,5.302544403413735e-05,0.0007374999913129563,0.028617731993012437,0.00015242582064434895,0.13718909851804076
3,92,0.004936706118632722,0.0829154051445038,0.0002586420529028367,0.000622757120145666,0.006312099625729797,0.048530400297784305,0.08846064421957528,0.00010973052802117531,0.0002668678614473265,0.5747771641556954,2.412411274853892e-05,4.9481839708296314e-05,0.0049102136333122005,1.1974215663009584e-05,0.18781378907412952
4,92,0.00164829859940019,0.11923770978461144,0.0002823202233789673,0.00019287340641723156,0.001455786881266753,0.02261027565688921,0.07437150233805258,7.229813755286862e-05,1.3309860513767907e-05,0.5672956560200489,9.980126925886825e-06,3.0414952593272676e-06,0.0007893944177060501,8.770276049001726e-07,0.2120166760243718
5,92,0.0005199406852325159,0.15004721204127666,0.0002705280407388381,5.820180558408124e-05,0.0003317257996020132,0.010423886756765414,0.060479026274005525,3.94512541844793e-05,6.412246434727536e-07,0.5549985780797674,3.973264717687688e-06,1.8090960383454777e-07,0.00012164173857570623,6.276319719205669e-08,0.22270494936210516
1,93,0.03730144964775349,0.16183135746173122,0.011348547024771566,0.0452630840491513,0.0002497641945720749,0.005642476783367562,0.1932434540358139,0.05366634550554717,4.874749702778007e-05,0.047432771782863675,0.1261629040747989,0.05076489503796561,0.21331461784150815,8.833062445481602e-05,0.05364125443867283
2,93,0.020631014163846086,0.2117949989715175,0.007513725858761172,0.02988305770300093,0.0001474609983602866,0.007128545994377788,0.1783659121591276,0.011677847281594808,3.3570495599871594e-06,0.24043293106894606,0.07444178584926657,0.005705113135826856,0.04790923376214127,1.3480920904530235e-05,0.16435153508276878
3,93,0.006928680611505568,0.20439561207761162,0.004090926590100512,0.010350682454004032,4.215388076671011e-05,0.004204501661764635,0.11018171748592102,0.002659469831648761,1.52962207504035e-07,0.39991706314022224,0.02958807278748757,0.0003795723518977297,0.007474027968351928,1.1152180209020444e-06,0.21978625097848933
4,93,0.0020934759466005462,0.19751744785937755,0.0025613436727555134,0.0031548399917709115,1.0253201527221904e-05,0.002075841346399277,0.07143452356279678,0.0008213711560243685,6.837620796020512e-09,0.47512887001518905,0.011134001884872987,2.274941753203345e-05,0.0011031635669967218,8.217861740131787e-08,0.23294202936191885
5,93,0.0006176107722012626,0.19795861414336557,0.0018043918436998184,0.0009376981575943443,2.3861179445228817e-06,0.0009784032329383007,0.050912997670431254,0.00029644615132374126,3.0932492672158117e-10,0.5075020845206213,0.0042194742640650285,1.3286527443820127e-06,0.00016075695996853825,5.8789008449907935e-09,0.23460780132487621
1,94,0.00012194638759116519,0.0001396880645995322,0.08749246849443122,0.03585349565249661,0.00011200935582062229,0.002465194782127449,0.3189027844693213,0.053543460988730564,0.005440352700373841,0.2387038003837799,0.003994673134843906,0.07106107240288,0.04244008420319293,0.09948286129336778,0.04024610768644326
2,94,9.871028630956957e-05,0.00025951801639522646,0.058168794706328596,0.028090484298137316,5.605797788018286e-05,0.0028237112151764626,0.2333468768115628,0.013123352483278748,0.0004107343889153378,0.49544969485469365,0.00338213234462247,0.008274986069532973,0.015296007821426138,0.01590138208943575,0.12531755663630464
3,94,5.099633606220544e-05,0.0004076539933279872,0.04077971240742111,0.012645198082060133,1.6824684261995454e-05,0.0018980837801989374,0.1472759410995649,0.003813385421102277,2.057380186990647e-05,0.5902112157316864,0.0017215418917443425,0.0005868055557249338,0.00333213383839323,0.0014236122639884388,0.19581632111259312
4,94,2.3828011539158344e-05,0.0006806988283004136,0.03668792812427527,0.005067180771643062,4.627403566572029e-06,0.0011375499270714498,0.10774022252465072,0.001484244330628676,1.0461997336904505e-06,0.6130858346997349,0.0007780332212756056,3.719472818932846e-05,0.0006652807383058018,0.00011496736025587255,0.23249136313082946
5,94,1.0857805465800934e-05,0.0011913562570058348,0.0375402988064465,0.00198832583778145,1.253689585754715e-06,0.000666869808950455,0.08859507930316114,0.0006404524933190919,5.4454504271221155e-08,0.6190422092285668,0.00034229806219875347,2.261460578577814e-06,0.00012954611022161552,9.005114381642207e-06,0.24984013156783227
1,95,9.820186197670746e-05,0.10410887306428532,0.10474779787425746,0.09816809235656455,9.36652901559431e-05,0.15005101843685878,0.030906698484175082,0.023539693172097097,0.000764573331169421,0.35287468542917466,0.01875206104841894,0.0021723474902182057,0.010395721995686764,0.10307232728712071,0.0002542428778404735
2,95,6.485556023955416e-05,0.13186096793581226,0.05163566200316994,0.08281116862593003,4.082734263021343e-05,0.1307355014627442,0.03693567355599172,0.004790270198203806,4.9987862578524376e-05,0.5206259084962157,0.013828231896454607,0.00031888992467877294,0.0029580464165821023,0.020503843856599858,0.0028401648621685883
3,95,3.246215781269094e-05,0.15736473325215988,0.026220035412782457,0.051075291039385136,1.2104020541972926e-05,0.08706143042949957,0.039294837763292956,0.0010125038474940022,2.229107119955034e-06,0.6044444582255514,0.007975397983658756,3.1600042526208645e-05,0.0005638633412500081,0.002662798568571226,0.022246254808353818
4,95,1.3565512039356937e-05,0.17696685182873387,0.014900366814223713,0.024517580210427176,3.1901455197842934e-06,0.05075784843812355,0.03662310424171642,0.00026577416738687913,1.0083675367823041e-07,0.6125627559970107,0.0039028167978651294,2.6801307862727764e-06,9.811358816217539e-05,0.0002799039273556496,0.07910534736389543
5,95,4.814401867985426e-06,0.18909533291401545,0.00946808647977945,0.009360126931606262,7.80285333415448e-07,0.0263808425446381,0.03108285063063946,8.151097162953376e-05,4.65626810639454e-09,0.5865867266167459,0.0016891502643168084,1.9234863697080082e-07,1.5843022210377425e-05,2.4427982945044645e-05,0.14620930994936712
1,96,0.0986170611130971,0.00030094452463016606,0.00037156574511687854,0.1452364646093552,0.059307287427279094,0.0028794670835438816,0.046213583247962424,0.0001834711430542612,0.0024158691664460897,0.05095137335898692,0.2756395238199924,0.07570832482572458,0.02594661704749171,0.08707338195169628,0.12915506493562304
2,96,0.06141267982312569,0.001389836346104734,0.0016114204103485745,0.08008135354494025,0.03521981925845112,0.0032300020811011454,0.1012014520328571,0.00022833038473996713,0.000255479934382151,0.27132427060736475,0.15301904569600389,0.008160881049074406,0.0076268524347534285,0.0113585056468962,0.2638800707498564
3,96,0.02455428468692517,0.003884294909916419,0.004037796066739169,0.02703402132669298,0.010480487684732876,0.0019084792542251976,0.1135068582639711,0.00025626320935932096,1.551526723077868e-05,0.46330660886772007,0.05980325207366341,0.0005166808938963218,0.0014112709618948381,0.0008635442862145617,0.28842064224681757
4,96,0.009545920548852706,0.009267053897767791,0.008180743582016358,0.008754884966899077,0.0027371085595869395,0.0010084289170367287,0.10953201510581315,0.00026470036364322527,8.718833390951371e-07,0.5508536201901489,0.023203255921608837,3.0421006708723284e-05,0.0002522562446363103,6.197875025527507e-05,0.276306740061687
5,96,0.0037677630356082433,0.019530629470702093,0.013330250120548144,0.0029012924909657353,0.0006955902148534347,0.0005274903868458287,0.10062423057492045,0.00021268457027896217,4.73760771174955e-08,0.5843990478167966,0.009325995859900581,1.7745957233062538e-06,4.517194820436891e-05,4.459865829950573e-06,0.2646335716727451
1,97,0.13874448829371008,0.013717689591516402,0.12579572888284735,0.18469794964306346,0.14510016115041724,0.00019824796730391449,0.002582256253623424,0.18059738121037805,0.01352973503060555,0.0004735664940323227,0.004242964155707034,5.9074967448073994e-05,0.07770883876119618,0.016995869780084067,0.09555604781806695
2,97,0.09822796543798643,0.03291876204243273,0.11743122792913506,0.1475677793805131,0.1852918719127567,0.0005348555706438581,0.0053616718888110215,0.036114040810885234,0.0011658569461009982,0.02090819675632497,0.006718351567808004,7.485587206912862e-06,0.026649069612621017,0.0028577789963892433,0.31824508556038467
3,97,0.042931610369642825,0.05921395138987145,0.0959155593470499,0.06245449347850245,0.09951722045613728,0.0006070760999173385,0.0067084809128187765,0.006938885341430124,6.232782363590897e-05,0.21026059352754387,0.005955411829428863,4.904229271785523e-07,0.005377955144664342,0.00023900376317522904,0.4038169400932545
4,97,0.01570258315122487,0.07759349533166099,0.06680839462890953,0.022096032590318997,0.03082702570905455,0.00039167551348492257,0.00615263049674893,0.0014347273278597428,2.996034384453325e-06,0.42376660055914867,0.0030351630847191722,2.6978113728051144e-08,0.0009090143507766097,1.7217889132995946e-05,0.35126241635446176
5,97,0.005663137543181284,0.09758169637831614,0.04942725078993058,0.007812874444272958,0.008320550646646243,0.00022119507273698095,0.005672758183679445,0.000344100739596992,1.4417470173831233e-07,0.5199744970657851,0.0013128856405818592,1.4811072066196032e-09,0.0001500252333480748,1.2380583331436951e-06,0.3035176445477822
1,98,0.0964975429039871,0.0001307939281126306,0.12677127658555443,0.015709841707039023,0.2883265129010808,0.10261765182594317,0.002251192001312479,0.013701383692454177,5.315937300385952e-05,0.20071680109843443,0.0426575180099139,0.080901576639582,0.0036748445662586693,0.02565706869745561,0.0003328360698678338
2,98,0.07658839671915445,0.00026058812300279834,0.0877138168557801,0.018382438029885366,0.13540100799508425,0.11419151436102658,0.004245647758760563,0.00336325886150438,3.891699198198623e-06,0.4930054117914251,0.04186962827635145,0.011984793308498644,0.0012134863976711087,0.0064489289612449305,0.0053271908614121915
3,98,0.04760492192753717,0.0004783762068064319,0.06410415110620084,0.013669632172992694,0.04414319496218949,0.08965930496454047,0.007070292917920862,0.0008418196862204285,1.9710411396725062e-07,0.6604277080502429,0.026265505387372014,0.0012343690315991095,0.00027164996292150507,0.0008674977322281114,0.0433613787871142
4,98,0.025991537300877426,0.0008776761547655687,0.05816034984161492,0.007706558477121653,0.013154615330113282,0.06090862738818579,0.010256827260909533,0.0002611630160063722,1.0702437928996563e-08,0.684093390098828,0.013328355942743158,0.00010260864403977242,5.7860851757991386e-05,9.054812516231033e-05,0.1250098708654362
5,98,0.01306436165031581,0.001587356671666796,0.05859508486160921,0.0037393645756518797,0.0037803530718334352,0.038725507967466065,0.01333809312382052,8.764583381131735e-05,5.940129944430382e-10,0.6635143154576338,0.006212542611637376,7.148720626891784e-06,1.1837344137007e-05,8.174039152328655e-06,0.19732821347662452
1,99,0.12909487188188026,0.19089365004331083,0.00013731279595376064,0.039412880656428104,0.06872321578449662,0.06557983450536571,0.1589991606392872,0.06202137168639026,0.0018635831418137726,0.0009121351918545209,0.0001382417569918326,0.15416579704787675,0.10570824465146912,0.014204852233923444,0.008144847982957622
2,99,0.07287311433038156,0.31733888200667093,0.00011294589295146961,0.03558488424485597,0.0611456399203988,0.13298866840888632,0.22225454480360407,0.012546978641090993,0.00012713512320039269,0.027001411646114182,0.00020271527247299397,0.017286977612414597,0.025464524925238763,0.0033212493462769933,0.07175032782544193
3,99,0.02571379057950776,0.31842451922137816,5.711321555111507e-05,0.014107958665264035,0.02423735917292921,0.11068575931639463,0.15819922974123246,0.002385696183089596,5.696941617531895e-06,0.16810666337297434,0.00014781375918325107,0.0012722846878012427,0.004017687128050784,0.0003366109498649112,0.17230181706516076
4,99,0.007457076416539949,0.2695647367303858,2.8301228983354568e-05,0.004291009937085254,0.006550785782128257,0.05955963336862962,0.09376361050462977,0.0005960778957318451,2.4794605808202163e-07,0.33908203673946513,7.076361562924664e-05,8.033366855287291e-05,0.0005754221879657725,2.6796531234405128e-05,0.21835316744698063
5,99,0.00208456662638301,0.236701590852918,1.645220250138517e-05,0.0012367688259401393,0.0015594315260747248,0.02819946969290269,0.05962497115247792,0.00018682282912672196,1.0863804820523643e-08,0.44041357758882477,2.900482311292645e-05,4.77034616859298e-06,8.090561394808538e-05,1.961622565879423e-06,0.22985969543325038
